回答ID,回答日,回答方法,年齢,性別,居住地区,現在の状況,同居している人,通勤・通学先,卒業後の進路希望,今後も〇〇町に住み続けたいか,〇〇町への愛着,満足度_交通,満足度_買い物,満足度_医療,満足度_子育て,満足度_働く場,満足度_娯楽,この1年の地域行事への参加,認知_若者定住奨励金,認知_UIJターン就職相談,スマートフォンの所持,自由記述_町にあったらいいもの,自由記述_将来の不安
R001,2026/06/01,紙,19,女性,中央地区,会社員・公務員,親と同居（実家）,町内,該当しない（学生・求職中以外）,どちらかといえば住み続けたい,どちらともいえない,やや満足,どちらともいえない,満足,わからない・利用していない,不満,やや不満,参加した,名前は聞いたことがある,知らない,持っている,スポーツができる施設,冬の雪かきが大変
R002,2026/06/01,紙,25,男性,中央地区,自営・家業,親と同居（実家）,県外,該当しない（学生・求職中以外）,どちらともいえない,やや感じる,やや不満,どちらともいえない,やや不満,わからない・利用していない,不満,やや不満,参加していない,,名前は聞いたことがある,持っている,,
R003,2026/06/01,Web,22,男性,東地区,自営・家業,親と同居（実家）,町内,該当しない（学生・求職中以外）,どちらかといえば住み続けたい,どちらともいえない,やや満足,不満,やや不満,わからない・利用していない,どちらともいえない,やや不満,参加した,名前は聞いたことがある,知らない,持っている,夜遅くまで使える自習スペース,
R004,2026/06/01,Web,17,女性,東地区,高校生,親と同居（実家）,町内,県外で進学・就職したい,どちらかといえば住み続けたくない,やや感じる,わからない・利用していない,どちらともいえない,やや満足,わからない・利用していない,わからない・利用していない,やや不満,参加した,名前は聞いたことがある,名前は聞いたことがある,持っている,コンビニがもう少しほしい,病院が遠いこと
R005,2026/06/01,紙,29,男性,中央地区,アルバイト・パート,親と同居（実家）,町外（県内）,該当しない（学生・求職中以外）,住み続けたくない,あまり感じない,どちらともいえない,不満,どちらともいえない,わからない・利用していない,わからない・利用していない,やや不満,参加した,知らない,知らない,持っている,,
R006,2026/06/01,Web,22,男性,西地区,会社員・公務員,親と同居（実家）,県外,該当しない（学生・求職中以外）,どちらかといえば住み続けたい,とても感じる,やや不満,わからない・利用していない,わからない・利用していない,わからない・利用していない,やや不満,どちらともいえない,参加していない,知らない,知っている,持っている,テレワークできる場所,病院が遠いこと。仕事が見つかるか
R007,2026/06/01,紙,21,女性,南地区,会社員・公務員,親と同居（実家）,町外（県内）,該当しない（学生・求職中以外）,どちらかといえば住み続けたい,あまり感じない,やや満足,どちらともいえない,どちらともいえない,わからない・利用していない,やや不満,やや不満,参加していない,名前は聞いたことがある,知らない,持っている,服を買える店,
R008,2026/06/01,Web,25,男性,南地区,会社員・公務員,親と同居（実家）,町外（県内）,該当しない（学生・求職中以外）,住み続けたい,とても感じる,満足,どちらともいえない,やや不満,わからない・利用していない,不満,不満,参加していない,知らない,知らない,持っている,,
R009,2026/06/01,Web,24,女性,中央地区,会社員・公務員,一人暮らし,町内,該当しない（学生・求職中以外）,どちらかといえば住み続けたくない,やや感じる,どちらともいえない,やや満足,満足,わからない・利用していない,やや不満,やや不満,参加していない,知らない,知らない,持っている,町内の求人の情報がまとまっているところ,
R010,2026/06/02,Web,26,男性,中央地区,会社員・公務員,一人暮らし,町内,該当しない（学生・求職中以外）,どちらともいえない,あまり感じない,やや満足,どちらともいえない,やや不満,わからない・利用していない,やや不満,どちらともいえない,参加していない,知っている,名前は聞いたことがある,持っている,若い人が働ける会社,仕事が見つかるか
R011,2026/06/02,Web,24,男性,中央地区,会社員・公務員,一人暮らし,町内,該当しない（学生・求職中以外）,どちらかといえば住み続けたくない,あまり感じない,やや不満,どちらともいえない,どちらともいえない,わからない・利用していない,わからない・利用していない,わからない・利用していない,参加していない,名前は聞いたことがある,名前は聞いたことがある,持っている,,
R012,2026/06/02,紙,17,男性,中央地区,高校生,親と同居（実家）,町内,町内で就職したい,住み続けたい,どちらともいえない,満足,やや満足,やや不満,わからない・利用していない,やや満足,どちらともいえない,参加していない,知っている,知っている,持っている,,病院が遠いこと
R013,2026/06/02,Web,19,男性,東地区,大学・専門学校生,親と同居（実家）,町外（県内）,町内で就職したい,どちらかといえば住み続けたい,どちらともいえない,どちらともいえない,やや満足,どちらともいえない,わからない・利用していない,やや不満,不満,参加していない,知らない,知らない,持っている,Wi-Fiが使える場所,仕事が見つかるか
R014,2026/06/02,Web,20,男性,東地区,自営・家業,親と同居（実家）,町外（県内）,該当しない（学生・求職中以外）,どちらかといえば住み続けたい,やや感じる,どちらともいえない,満足,どちらともいえない,わからない・利用していない,どちらともいえない,やや不満,参加した,名前は聞いたことがある,名前は聞いたことがある,持っている,,
R015,2026/06/02,Web,19,男性,北部山間,アルバイト・パート,親と同居（実家）,町内,該当しない（学生・求職中以外）,どちらともいえない,とても感じる,どちらともいえない,どちらともいえない,やや不満,わからない・利用していない,やや不満,やや不満,参加した,知っている,名前は聞いたことがある,持っている,,仕事が見つかるか
R016,2026/06/02,紙,20,男性,中央地区,大学・専門学校生,その他,町外（県内）,町内で就職したい,住み続けたい,やや感じる,やや満足,満足,どちらともいえない,やや満足,わからない・利用していない,不満,参加していない,知らない,知らない,持っている,,
R017,2026/06/02,Web,22,男性,西地区,大学・専門学校生,一人暮らし,町外（県内）,県外で進学・就職したい,住み続けたくない,どちらともいえない,やや不満,どちらともいえない,どちらともいえない,わからない・利用していない,やや不満,やや不満,,知らない,知らない,持っている,若者向けのイベント,
R018,2026/06/02,Web,21,男性,北部山間地区,大学・専門学校生,親と同居（実家）,町外（県内）,町内で就職したい,住み続けたい,やや感じる,不満,やや不満,どちらともいえない,わからない・利用していない,わからない・利用していない,やや不満,参加した,名前は聞いたことがある,名前は聞いたことがある,持っている,,町内に進学先がないこと
R019,2026/06/02,Web,22,女性,中央地区,会社員・公務員,一人暮らし,町内,該当しない（学生・求職中以外）,どちらともいえない,やや感じる,どちらともいえない,どちらともいえない,やや満足,やや満足,やや不満,やや不満,参加していない,知らない,知らない,持っている,,
R020,2026/06/02,紙,17,男性,南地区,高校生,親と同居（実家）,町内,県内（町外）で進学・就職したい,住み続けたい,あまり感じない,どちらともいえない,どちらともいえない,満足,わからない・利用していない,やや満足,どちらともいえない,参加した,知らない,知らない,持っている,,
R021,2026/06/02,Web,27,女性,東地区,自営・家業,親と同居（実家）,町外（県内）,該当しない（学生・求職中以外）,どちらかといえば住み続けたい,とても感じる,やや満足,どちらともいえない,やや不満,わからない・利用していない,どちらともいえない,どちらともいえない,参加した,知らない,知らない,持っている,若い人が集まれるカフェ,
R022,2026/06/02,Web,24,女性,南地区,会社員・公務員,親と同居（実家）,町内,該当しない（学生・求職中以外）,どちらかといえば住み続けたい,どちらともいえない,どちらともいえない,やや満足,どちらともいえない,わからない・利用していない,やや不満,やや不満,参加していない,知っている,名前は聞いたことがある,持っている,,
R023,2026/06/02,Web,17,その他・回答しない,東地区,高校生,親と同居（実家）,町外（県内）,町内で就職したい,住み続けたい,やや感じる,どちらともいえない,どちらともいえない,どちらともいえない,どちらともいえない,どちらともいえない,どちらともいえない,参加していない,名前は聞いたことがある,知らない,持っている,夜遅くまで使える自習スペース,
R024,2026/06/02,紙,27,男性,西地区,会社員・公務員,親と同居（実家）,町外（県内）,該当しない（学生・求職中以外）,どちらかといえば住み続けたい,どちらともいえない,どちらともいえない,やや満足,どちらともいえない,わからない・利用していない,どちらともいえない,やや不満,参加していない,名前は聞いたことがある,知らない,持っている,,冬の雪かきが大変。結婚相手と出会えるか
R025,2026/06/02,Web,28,女性,東地区,アルバイト・パート,親と同居（実家）,町内,該当しない（学生・求職中以外）,住み続けたい,とても感じる,どちらともいえない,やや不満,やや満足,わからない・利用していない,どちらともいえない,やや不満,参加していない,知っている,名前は聞いたことがある,持っている,,
R026,2026/06/02,Web,28,男性,中央地区,会社員・公務員,配偶者・子どもと同居,町外（県内）,該当しない（学生・求職中以外）,どちらかといえば住み続けたくない,どちらともいえない,どちらともいえない,やや満足,やや不満,わからない・利用していない,やや不満,どちらともいえない,参加した,知っている,知っている,持っている,,
R027,2026/06/03,Web,24,女性,東地区,アルバイト・パート,親と同居（実家）,町外（県内）,該当しない（学生・求職中以外）,住み続けたい,とても感じる,やや満足,やや満足,どちらともいえない,わからない・利用していない,どちらともいえない,どちらともいえない,参加した,知っている,知らない,持っている,若い人が集まれるカフェ,
R028,2026/06/03,紙,17,その他・回答しない,中央地区,高校生,親と同居（実家）,町外（県内）,町内で就職したい,住み続けたい,とても感じる,やや満足,満足,どちらともいえない,わからない・利用していない,どちらともいえない,やや不満,参加した,知らない,名前は聞いたことがある,持っている,,冬の雪かきが大変
R029,2026/06/03,Web,28,女性,中央地区,会社員・公務員,配偶者・子どもと同居,町内,該当しない（学生・求職中以外）,どちらかといえば住み続けたい,あまり感じない,満足,どちらともいえない,やや不満,どちらともいえない,やや不満,やや不満,参加していない,名前は聞いたことがある,知らない,持っている,保育園の延長保育,冬の雪かきが大変
R030,2026/06/04,紙,25,女性,西地区,会社員・公務員,配偶者・子どもと同居,町内,該当しない（学生・求職中以外）,住み続けたくない,どちらともいえない,どちらともいえない,やや不満,やや満足,やや満足,やや不満,不満,参加していない,名前は聞いたことがある,知らない,持っている,,
R031,2026/06/04,Web,23,女性,中央地区,アルバイト・パート,一人暮らし,町外（県内）,該当しない（学生・求職中以外）,どちらかといえば住み続けたくない,どちらともいえない,やや満足,どちらともいえない,,わからない・利用していない,やや不満,不満,参加した,知っている,知っている,持っている,若い人が集まれるカフェ,
R032,2026/06/04,Web,25,女性,中央地区,その他,親と同居（実家）,なし,該当しない（学生・求職中以外）,,どちらともいえない,やや満足,どちらともいえない,どちらともいえない,わからない・利用していない,やや不満,やや不満,参加した,知らない,知らない,持っている,,
R033,2026/06/04,Web,22,女性,西地区,大学・専門学校生,一人暮らし,町外（県内）,県外で進学・就職したい,どちらかといえば住み続けたくない,とても感じる,やや満足,やや不満,どちらともいえない,わからない・利用していない,,やや不満,参加していない,知らない,知らない,持っている,,町の人口が減っていくこと
R034,2026/06/04,紙,16,女性,西地区,高校生,親と同居（実家）,町外（県内）,まだ決めていない,どちらかといえば住み続けたい,やや感じる,やや不満,やや不満,どちらともいえない,わからない・利用していない,やや不満,やや不満,参加した,知っている,知らない,持っている,,
R035,2026/06/04,Web,27,女性,南地区,会社員・公務員,親と同居（実家）,町内,該当しない（学生・求職中以外）,住み続けたい,やや感じる,どちらともいえない,やや満足,どちらともいえない,わからない・利用していない,不満,不満,参加していない,知っている,名前は聞いたことがある,持っている,,
R036,2026/06/04,Web,18,女性,南地区,大学・専門学校生,一人暮らし,町外（県内）,県外で進学・就職したい,住み続けたくない,あまり感じない,どちらともいえない,どちらともいえない,やや不満,わからない・利用していない,やや満足,やや不満,参加していない,知らない,知らない,持っている,,
R037,2026/06/04,紙,18,男性,北部山間地区,アルバイト・パート,一人暮らし,町内,該当しない（学生・求職中以外）,どちらかといえば住み続けたくない,やや感じる,どちらともいえない,,やや不満,わからない・利用していない,どちらともいえない,やや満足,参加していない,知らない,知らない,持っている,,バスがなくなるかもしれないこと
R038,2026/06/04,Web,24,女性,中央地区,会社員・公務員,親と同居（実家）,町内,該当しない（学生・求職中以外）,どちらかといえば住み続けたい,どちらともいえない,どちらともいえない,やや満足,どちらともいえない,わからない・利用していない,,どちらともいえない,参加した,知っている,知らない,持っている,テレワークできる場所,
R039,2026/06/04,Web,20,女性,北部山間地区,会社員・公務員,一人暮らし,町外（県内）,該当しない（学生・求職中以外）,住み続けたくない,やや感じる,やや不満,不満,わからない・利用していない,わからない・利用していない,不満,不満,参加していない,知らない,知らない,持っている,,冬の雪かきが大変。給料が低いこと
R040,2026/06/05,Web,15,男性,東地区,高校生,親と同居（実家）,町内,県内（町外）で進学・就職したい,どちらともいえない,どちらともいえない,やや不満,どちらともいえない,わからない・利用していない,わからない・利用していない,やや不満,わからない・利用していない,参加した,名前は聞いたことがある,知らない,持っている,,
R041,2026/06/05,紙,16,女性,中央地区,高校生,親と同居（実家）,町内,県内（町外）で進学・就職したい,どちらともいえない,とても感じる,どちらともいえない,やや満足,やや不満,やや満足,わからない・利用していない,やや不満,参加した,,名前は聞いたことがある,持っている,スポーツができる施設,
R042,2026/06/05,Web,29,,中央地区,会社員・公務員,配偶者・子どもと同居,町内,該当しない（学生・求職中以外）,どちらかといえば住み続けたい,やや感じる,やや満足,やや満足,わからない・利用していない,どちらともいえない,どちらともいえない,やや不満,参加していない,名前は聞いたことがある,知らない,持っている,,
R043,2026/06/05,紙,15,男性,北部山間地区,高校生,親と同居（実家）,町内,まだ決めていない,どちらかといえば住み続けたい,やや感じる,不満,やや不満,やや満足,わからない・利用していない,やや不満,やや不満,参加していない,知らない,知らない,持っている,,
R044,2026/06/05,紙,15,女性,中央地区,高校生,親と同居（実家）,町外（県内）,町内で就職したい,どちらかといえば住み続けたい,やや感じる,どちらともいえない,やや満足,やや不満,,わからない・利用していない,どちらともいえない,参加した,知らない,,持っている,,
R045,2026/06/05,Web,16,男性,北部山間地区,高校生,親と同居（実家）,町内,県内（町外）で進学・就職したい,どちらかといえば住み続けたい,とても感じる,やや不満,やや不満,どちらともいえない,わからない・利用していない,どちらともいえない,どちらともいえない,参加していない,知らない,,持っている,町の中心まで行くバスの本数を増やしてほしい,病院が遠いこと
R046,2026/06/05,Web,26,男性,中央地区,会社員・公務員,配偶者・子どもと同居,町内,該当しない（学生・求職中以外）,どちらともいえない,どちらともいえない,やや満足,,やや不満,やや満足,やや不満,どちらともいえない,参加していない,知らない,知らない,持っている,子どもを遊ばせられる屋内の遊び場,結婚相手と出会えるか
R047,2026/06/05,Web,25,女性,東地区,無職・求職中,親と同居（実家）,なし,町内で就職したい,住み続けたい,やや感じる,不満,どちらともいえない,やや不満,わからない・利用していない,どちらともいえない,やや不満,参加していない,名前は聞いたことがある,知らない,持っている,テレワークできる場所,
R048,2026/06/05,Web,28,女性,東地区,自営・家業,親と同居（実家）,町内,該当しない（学生・求職中以外）,どちらかといえば住み続けたい,とても感じる,どちらともいえない,やや不満,やや満足,どちらともいえない,やや不満,どちらともいえない,参加した,知っている,名前は聞いたことがある,持っている,,給料が低いこと
R049,2026/06/05,紙,17,女性,中央地区,高校生,親と同居（実家）,町外（県内）,町内で就職したい,住み続けたい,やや感じる,やや満足,満足,わからない・利用していない,わからない・利用していない,わからない・利用していない,不満,参加した,名前は聞いたことがある,知らない,持っている,映画館,
R050,2026/06/05,Web,28,男性,西地区,会社員・公務員,一人暮らし,町内,該当しない（学生・求職中以外）,どちらかといえば住み続けたくない,どちらともいえない,不満,やや満足,やや満足,わからない・利用していない,やや満足,不満,参加していない,名前は聞いたことがある,知らない,持っている,,
R051,2026/06/05,Web,22,,西地区,会社員・公務員,一人暮らし,町内,該当しない（学生・求職中以外）,どちらともいえない,やや感じる,やや満足,どちらともいえない,満足,わからない・利用していない,やや不満,どちらともいえない,参加していない,知っている,知らない,持っている,,
R052,2026/06/05,Web,18,女性,中央地区,大学・専門学校生,一人暮らし,県外,県外で進学・就職したい,どちらかといえば住み続けたくない,あまり感じない,やや満足,やや満足,不満,わからない・利用していない,わからない・利用していない,やや不満,参加していない,,知らない,持っている,服を買える店,
R053,2026/06/05,紙,17,女性,西地区,高校生,親と同居（実家）,町内,県内（町外）で進学・就職したい,どちらかといえば住み続けたい,やや感じる,わからない・利用していない,やや不満,どちらともいえない,わからない・利用していない,やや満足,どちらともいえない,参加していない,名前は聞いたことがある,知らない,持っている,若者向けのイベント,町を出たときの一人暮らしの費用
R054,2026/06/05,Web,23,男性,東地区,会社員・公務員,親と同居（実家）,町外（県内）,該当しない（学生・求職中以外）,どちらともいえない,やや感じる,どちらともいえない,やや満足,どちらともいえない,わからない・利用していない,どちらともいえない,やや不満,参加した,知っている,知っている,持っている,スポーツができる施設,結婚相手と出会えるか。親の介護
R055,2026/06/06,紙,15,女性,中央地区,アルバイト・パート,親と同居（実家）,町内,該当しない（学生・求職中以外）,どちらかといえば住み続けたい,やや感じる,やや満足,やや不満,どちらともいえない,わからない・利用していない,やや不満,わからない・利用していない,参加した,名前は聞いたことがある,知らない,持っている,若い人が働ける会社,給料が低いこと
R056,2026/06/06,Web,25,女性,北部山間地区,会社員・公務員,配偶者・子どもと同居,町内,該当しない（学生・求職中以外）,住み続けたくない,あまり感じない,不満,やや不満,どちらともいえない,やや満足,やや満足,どちらともいえない,参加していない,知らない,知らない,持っている,,親の介護
R057,2026/06/06,Web,25,,西地区,会社員・公務員,配偶者・子どもと同居,町外（県内）,該当しない（学生・求職中以外）,住み続けたくない,やや感じる,やや不満,どちらともいえない,やや満足,やや満足,やや不満,不満,参加していない,知っている,知っている,持っている,,
R058,2026/06/06,Web,25,女性,中央地区,アルバイト・パート,配偶者・子どもと同居,町内,該当しない（学生・求職中以外）,住み続けたい,とても感じる,やや不満,満足,やや満足,どちらともいえない,どちらともいえない,不満,参加していない,名前は聞いたことがある,名前は聞いたことがある,持っている,,
R059,2026/06/06,紙,15,女性,東地区,高校生,親と同居（実家）,町内,町内で就職したい,どちらかといえば住み続けたい,どちらともいえない,どちらともいえない,満足,,わからない・利用していない,どちらともいえない,やや不満,参加した,,知らない,持っている,スポーツができる施設,
R060,2026/06/06,Web,18,女性,中央地区,大学・専門学校生,一人暮らし,町外（県内）,県外で進学・就職したい,どちらともいえない,やや感じる,やや満足,やや不満,やや不満,不満,わからない・利用していない,どちらともいえない,参加していない,知らない,名前は聞いたことがある,持っている,,町を出たときの一人暮らしの費用。仕事が見つかるか
R061,2026/06/06,Web,17,女性,西地区,高校生,親と同居（実家）,町外（県内）,県外で進学・就職したい,どちらともいえない,やや感じる,やや満足,やや満足,不満,わからない・利用していない,わからない・利用していない,やや不満,参加していない,知らない,知らない,持っている,若者向けのイベント,
R062,2026/06/06,Web,27,男性,南地区,会社員・公務員,配偶者・子どもと同居,町内,該当しない（学生・求職中以外）,住み続けたくない,やや感じる,不満,どちらともいえない,どちらともいえない,やや満足,やや不満,やや不満,参加した,名前は聞いたことがある,名前は聞いたことがある,持っている,,
R063,2026/06/06,紙,18,女性,中央地区,大学・専門学校生,親と同居（実家）,町外（県内）,県外で進学・就職したい,どちらかといえば住み続けたくない,どちらともいえない,やや不満,どちらともいえない,やや満足,どちらともいえない,わからない・利用していない,やや不満,参加していない,知らない,知らない,持っている,,
R064,2026/06/06,紙,15,男性,中央地区,高校生,親と同居（実家）,町内,町内で就職したい,どちらかといえば住み続けたい,どちらともいえない,どちらともいえない,やや満足,どちらともいえない,わからない・利用していない,やや不満,やや不満,参加した,名前は聞いたことがある,知らない,持っている,,結婚相手と出会えるか
R065,2026/06/06,紙,26,男性,南地区,会社員・公務員,配偶者・子どもと同居,町外（県内）,該当しない（学生・求職中以外）,どちらかといえば住み続けたい,どちらともいえない,やや満足,満足,やや満足,どちらともいえない,どちらともいえない,やや不満,参加していない,知っている,知らない,持っていない,コンビニがもう少しほしい,病院が遠いこと
R066,2026/06/06,Web,29,男性,中央地区,アルバイト・パート,親と同居（実家）,町内,該当しない（学生・求職中以外）,どちらかといえば住み続けたい,とても感じる,どちらともいえない,やや不満,どちらともいえない,わからない・利用していない,どちらともいえない,やや不満,参加していない,知っている,知らない,持っている,若い人が集まれるカフェ,冬の雪かきが大変。結婚相手と出会えるか
R067,2026/06/06,紙,19,男性,西地区,大学・専門学校生,親と同居（実家）,町外（県内）,まだ決めていない,どちらかといえば住み続けたくない,どちらともいえない,どちらともいえない,どちらともいえない,やや不満,わからない・利用していない,わからない・利用していない,不満,参加していない,知らない,知らない,持っている,若者向けのイベント,町を出たときの一人暮らしの費用
R068,2026/06/06,Web,25,女性,南地区,自営・家業,一人暮らし,町内,該当しない（学生・求職中以外）,どちらかといえば住み続けたくない,やや感じる,やや不満,やや不満,やや満足,わからない・利用していない,やや不満,どちらともいえない,参加していない,,知っている,持っている,町内の求人の情報がまとまっているところ,
R069,2026/06/06,Web,19,男性,西地区,会社員・公務員,親と同居（実家）,町内,該当しない（学生・求職中以外）,住み続けたい,やや感じる,やや満足,どちらともいえない,わからない・利用していない,どちらともいえない,わからない・利用していない,やや不満,参加した,知らない,知らない,持っている,,
R070,2026/06/07,Web,15,男性,西地区,高校生,親と同居（実家）,町内,町内で就職したい,どちらともいえない,どちらともいえない,やや満足,どちらともいえない,どちらともいえない,わからない・利用していない,やや不満,やや不満,参加していない,,,持っている,夜遅くまで使える自習スペース,仕事が見つかるか
R071,2026/06/07,Web,28,男性,西地区,会社員・公務員,親と同居（実家）,町外（県内）,該当しない（学生・求職中以外）,どちらともいえない,やや感じる,やや満足,やや満足,やや不満,わからない・利用していない,やや不満,どちらともいえない,参加した,名前は聞いたことがある,知らない,持っている,,
R072,2026/06/07,Web,20,女性,西地区,会社員・公務員,親と同居（実家）,町外（県内）,該当しない（学生・求職中以外）,どちらともいえない,どちらともいえない,どちらともいえない,どちらともいえない,わからない・利用していない,わからない・利用していない,やや不満,不満,参加した,知らない,知らない,持っている,コンビニがもう少しほしい,冬の雪かきが大変
R073,2026/06/07,紙,290,男性,南地区,会社員・公務員,配偶者・子どもと同居,町外（県内）,該当しない（学生・求職中以外）,どちらともいえない,あまり感じない,どちらともいえない,やや満足,どちらともいえない,やや満足,やや満足,,参加していない,知らない,知らない,持っている,,病院が遠いこと
R074,2026/06/07,紙,16,男性,南地区,高校生,その他,町内,県外で進学・就職したい,どちらかといえば住み続けたくない,やや感じる,どちらともいえない,やや満足,やや満足,わからない・利用していない,どちらともいえない,やや不満,,知らない,知らない,持っている,Wi-Fiが使える場所,町内に進学先がないこと
R075,2026/06/07,Web,21,男性,中央地区,会社員・公務員,親と同居（実家）,町内,該当しない（学生・求職中以外）,住み続けたい,やや感じる,やや不満,やや満足,満足,わからない・利用していない,やや満足,どちらともいえない,参加した,名前は聞いたことがある,名前は聞いたことがある,持っている,Wi-Fiが使える場所,
R076,2026/06/07,Web,23,男性,西地区,会社員・公務員,配偶者・子どもと同居,町外（県内）,該当しない（学生・求職中以外）,どちらかといえば住み続けたい,,やや不満,どちらともいえない,やや不満,どちらともいえない,やや満足,やや不満,参加していない,知らない,知らない,持っている,,町の人口が減っていくこと
R077,2026/06/07,Web,19,女性,中央地区,大学・専門学校生,親と同居（実家）,県外,県内（町外）で進学・就職したい,どちらともいえない,どちらともいえない,やや満足,満足,やや満足,わからない・利用していない,どちらともいえない,やや不満,参加した,名前は聞いたことがある,知らない,持っている,夜遅くまで使える自習スペース,町内に進学先がないこと
R078,2026/06/07,Web,26,女性,西地区,会社員・公務員,親と同居（実家）,町外（県内）,該当しない（学生・求職中以外）,住み続けたい,とても感じる,やや満足,どちらともいえない,どちらともいえない,わからない・利用していない,どちらともいえない,やや不満,参加した,知っている,知っている,持っている,,
R079,2026/06/07,Web,21,男性,東地区,会社員・公務員,その他,町内,該当しない（学生・求職中以外）,どちらともいえない,やや感じる,不満,やや満足,やや満足,わからない・利用していない,やや満足,やや不満,参加していない,知らない,知らない,持っている,若い人が集まれるカフェ,車がないと生活できないこと
R080,2026/06/07,紙,28,女性,東地区,会社員・公務員,一人暮らし,町外（県内）,該当しない（学生・求職中以外）,どちらかといえば住み続けたい,やや感じる,わからない・利用していない,やや満足,,わからない・利用していない,どちらともいえない,やや不満,参加していない,知らない,知らない,持っている,,
R081,2026/06/07,Web,29,男性,西地区,会社員・公務員,親と同居（実家）,町外（県内）,該当しない（学生・求職中以外）,どちらかといえば住み続けたくない,とても感じる,やや不満,やや不満,やや満足,わからない・利用していない,不満,不満,参加していない,知らない,知らない,持っている,若い人が働ける会社,
R082,2026/06/07,Web,23,男性,南地区,会社員・公務員,配偶者・子どもと同居,町外（県内）,該当しない（学生・求職中以外）,どちらともいえない,やや感じる,どちらともいえない,やや満足,どちらともいえない,やや満足,やや不満,やや不満,参加した,名前は聞いたことがある,知らない,持っている,,
R083,2026/06/07,紙,16,男性,中央地区,高校生,親と同居（実家）,町内,町内で就職したい,どちらかといえば住み続けたい,やや感じる,やや満足,どちらともいえない,わからない・利用していない,やや満足,どちらともいえない,不満,参加していない,名前は聞いたことがある,知らない,持っている,,病院が遠いこと
R084,2026/06/08,紙,22,女性,中央地区,大学・専門学校生,親と同居（実家）,町外（県内）,県内（町外）で進学・就職したい,どちらともいえない,どちらともいえない,やや不満,どちらともいえない,やや不満,わからない・利用していない,どちらともいえない,どちらともいえない,参加した,知っている,知っている,持っている,,給料が低いこと
R085,2026/06/08,Web,17,男性,中央地区,高校生,親と同居（実家）,町内,まだ決めていない,どちらともいえない,どちらともいえない,どちらともいえない,やや満足,どちらともいえない,わからない・利用していない,やや不満,不満,参加した,知っている,知らない,持っている,Wi-Fiが使える場所,
R086,2026/06/08,紙,15,女性,西地区,高校生,親と同居（実家）,町内,県内（町外）で進学・就職したい,どちらともいえない,どちらともいえない,やや満足,不満,どちらともいえない,わからない・利用していない,わからない・利用していない,やや不満,参加していない,名前は聞いたことがある,名前は聞いたことがある,持っている,,冬の雪かきが大変
R087,2026/06/08,Web,27,女性,中央地区,会社員・公務員,親と同居（実家）,町内,該当しない（学生・求職中以外）,住み続けたい,,やや満足,やや満足,やや満足,わからない・利用していない,やや満足,やや不満,参加していない,知らない,知らない,持っている,,
R088,2026/06/08,Web,29,女性,中央地区,アルバイト・パート,親と同居（実家）,町内,該当しない（学生・求職中以外）,どちらかといえば住み続けたくない,まったく感じない,どちらともいえない,やや満足,わからない・利用していない,わからない・利用していない,どちらともいえない,どちらともいえない,参加した,知っている,名前は聞いたことがある,持っている,,
R089,2026/06/08,Web,28,女性,中央地区,会社員・公務員,親と同居（実家）,町内,該当しない（学生・求職中以外）,住み続けたい,やや感じる,やや満足,,どちらともいえない,わからない・利用していない,やや満足,やや不満,参加していない,,知らない,持っている,映画館,病院が遠いこと
R090,2026/06/08,紙,16,女性,中央地区,高校生,親と同居（実家）,町内,まだ決めていない,どちらともいえない,,満足,やや不満,わからない・利用していない,わからない・利用していない,やや不満,どちらともいえない,参加していない,知らない,知らない,持っている,スポーツができる施設,結婚相手と出会えるか
R091,2026/06/08,Web,23,男性,北部山間地区,無職・求職中,親と同居（実家）,なし,町内で就職したい,どちらかといえば住み続けたい,やや感じる,やや満足,どちらともいえない,どちらともいえない,わからない・利用していない,やや不満,やや不満,参加した,知らない,知らない,持っている,若い人が働ける会社,
R092,2026/06/08,紙,16,女性,西地区,高校生,親と同居（実家）,町内,県外で進学・就職したい,どちらかといえば住み続けたくない,まったく感じない,どちらともいえない,やや不満,やや満足,わからない・利用していない,不満,やや不満,参加していない,知らない,知らない,持っている,,
R093,2026/06/08,紙,17,男性,中央,高校生,親と同居（実家）,町内,町内で就職したい,住み続けたい,やや感じる,やや満足,わからない・利用していない,満足,わからない・利用していない,どちらともいえない,どちらともいえない,参加した,名前は聞いたことがある,知らない,持っている,,町の人口が減っていくこと
R094,2026/06/08,Web,24,その他・回答しない,北部山間地区,会社員・公務員,親と同居（実家）,町外（県内）,該当しない（学生・求職中以外）,住み続けたい,やや感じる,やや満足,やや不満,満足,わからない・利用していない,やや満足,やや不満,参加した,知っている,知っている,持っている,,
R095,2026/06/08,Web,19,その他・回答しない,西地区,自営・家業,親と同居（実家）,町内,該当しない（学生・求職中以外）,住み続けたい,やや感じる,やや満足,満足,やや満足,不満,やや不満,やや不満,参加していない,知らない,知らない,持っている,,
R096,2026/06/08,Web,28,女性,東地区,会社員・公務員,配偶者・子どもと同居,町外（県内）,該当しない（学生・求職中以外）,どちらかといえば住み続けたい,どちらともいえない,やや満足,どちらともいえない,やや満足,やや不満,やや満足,やや不満,参加していない,知っている,知らない,持っている,,
R097,2026/06/08,紙,28,男性,北部山間地区,会社員・公務員,一人暮らし,県外,該当しない（学生・求職中以外）,住み続けたくない,やや感じる,どちらともいえない,不満,不満,わからない・利用していない,不満,どちらともいえない,参加していない,知っている,知っている,持っている,服を買える店,
R098,2026/06/08,紙,16,女性,東地区,高校生,親と同居（実家）,町外（県内）,まだ決めていない,どちらかといえば住み続けたい,まったく感じない,満足,どちらともいえない,どちらともいえない,わからない・利用していない,不満,やや不満,参加した,名前は聞いたことがある,知らない,持っている,,
R099,2026/06/09,紙,20,男性,南地区,アルバイト・パート,一人暮らし,町外（県内）,該当しない（学生・求職中以外）,どちらかといえば住み続けたくない,まったく感じない,やや不満,満足,やや不満,やや不満,,どちらともいえない,参加していない,,知らない,持っている,スポーツができる施設,車がないと生活できないこと。結婚相手と出会えるか
R100,2026/06/09,紙,23,男性,中央地区,会社員・公務員,一人暮らし,町外（県内）,該当しない（学生・求職中以外）,どちらかといえば住み続けたい,とても感じる,やや満足,どちらともいえない,どちらともいえない,わからない・利用していない,どちらともいえない,どちらともいえない,参加した,知らない,知らない,持っている,,病院が遠いこと
R101,2026/06/09,Web,20,男性,中央地区,自営・家業,親と同居（実家）,町外（県内）,該当しない（学生・求職中以外）,どちらかといえば住み続けたい,やや感じる,やや不満,やや不満,どちらともいえない,わからない・利用していない,どちらともいえない,やや不満,参加した,知っている,名前は聞いたことがある,持っている,,バスがなくなるかもしれないこと
R102,2026/06/09,Web,16,,中央地区,高校生,親と同居（実家）,町内,町内で就職したい,どちらかといえば住み続けたい,どちらともいえない,満足,やや満足,どちらともいえない,,どちらともいえない,わからない・利用していない,参加した,名前は聞いたことがある,名前は聞いたことがある,持っている,服を買える店,結婚相手と出会えるか
R103,2026/06/09,Web,24,女性,東地区,会社員・公務員,配偶者・子どもと同居,町内,該当しない（学生・求職中以外）,どちらかといえば住み続けたい,とても感じる,どちらともいえない,やや満足,どちらともいえない,満足,どちらともいえない,どちらともいえない,参加していない,知らない,知らない,持っている,,
R104,2026/06/09,紙,28,男性,中央地区,会社員・公務員,配偶者・子どもと同居,町外（県内）,該当しない（学生・求職中以外）,どちらともいえない,あまり感じない,どちらともいえない,,満足,やや満足,どちらともいえない,不満,参加していない,知らない,,持っている,,親の介護
R105,2026/06/09,紙,25,男性,東地区,自営・家業,親と同居（実家）,町外（県内）,該当しない（学生・求職中以外）,どちらかといえば住み続けたい,やや感じる,やや満足,やや満足,どちらともいえない,わからない・利用していない,どちらともいえない,やや不満,参加していない,知らない,知らない,持っている,,親の介護
R106,2026/06/09,Web,29,女性,西地区,会社員・公務員,親と同居（実家）,町外（県内）,該当しない（学生・求職中以外）,どちらかといえば住み続けたい,とても感じる,どちらともいえない,やや満足,どちらともいえない,わからない・利用していない,やや不満,不満,参加した,知っている,名前は聞いたことがある,持っている,,町の人口が減っていくこと
R107,2026/06/09,紙,18,男性,北部山間地区,大学・専門学校生,親と同居（実家）,町外（県内）,町内で就職したい,どちらかといえば住み続けたい,とても感じる,どちらともいえない,やや不満,やや不満,満足,不満,やや不満,参加した,知っている,知らない,持っている,,車がないと生活できないこと
R108,2026/06/10,Web,20,女性,東地区,大学・専門学校生,親と同居（実家）,町外（県内）,町内で就職したい,どちらともいえない,どちらともいえない,満足,やや満足,やや不満,わからない・利用していない,やや不満,やや不満,参加していない,知らない,知らない,持っている,,
R109,2026/06/10,紙,18,男性,東地区,大学・専門学校生,親と同居（実家）,町外（県内）,県内（町外）で進学・就職したい,どちらともいえない,どちらともいえない,どちらともいえない,どちらともいえない,わからない・利用していない,わからない・利用していない,やや不満,やや不満,参加した,知らない,知らない,持っている,,
R110,2026/06/10,紙,23,男性,北部山間地区,会社員・公務員,一人暮らし,町外（県内）,該当しない（学生・求職中以外）,住み続けたくない,とても感じる,不満,やや不満,不満,わからない・利用していない,不満,,参加していない,知らない,知らない,持っている,服を買える店,
R111,2026/06/10,Web,26,男性,東地区,無職・求職中,一人暮らし,なし,県内（町外）で進学・就職したい,どちらともいえない,とても感じる,やや不満,やや不満,わからない・利用していない,わからない・利用していない,やや不満,やや不満,参加した,知らない,知らない,持っている,若い人が働ける会社,
R112,2026/06/10,Web,25,男性,西地区,自営・家業,一人暮らし,県外,該当しない（学生・求職中以外）,どちらともいえない,まったく感じない,どちらともいえない,やや満足,どちらともいえない,わからない・利用していない,どちらともいえない,やや不満,参加していない,名前は聞いたことがある,知らない,持っている,,
R113,2026/06/10,Web,18,男性,南地区,会社員・公務員,一人暮らし,町内,該当しない（学生・求職中以外）,どちらかといえば住み続けたい,どちらともいえない,やや不満,やや満足,満足,わからない・利用していない,やや満足,やや不満,参加していない,知らない,知らない,持っている,若い人が働ける会社,
R114,2026/06/10,Web,24,男性,中央地区,無職・求職中,親と同居（実家）,なし,県内（町外）で進学・就職したい,どちらともいえない,まったく感じない,どちらともいえない,どちらともいえない,どちらともいえない,わからない・利用していない,やや満足,やや不満,参加していない,名前は聞いたことがある,名前は聞いたことがある,持っている,,
R115,2026/06/11,Web,28,男性,中央地区,会社員・公務員,親と同居（実家）,県外,該当しない（学生・求職中以外）,どちらかといえば住み続けたい,やや感じる,どちらともいえない,やや満足,やや不満,わからない・利用していない,不満,やや不満,参加した,知っている,知らない,持っている,スポーツができる施設,
R116,2026/06/11,Web,17,男性,東地区,高校生,親と同居（実家）,町内,町内で就職したい,どちらかといえば住み続けたい,やや感じる,やや満足,やや満足,どちらともいえない,わからない・利用していない,わからない・利用していない,やや不満,参加していない,知らない,知らない,持っている,,病院が遠いこと
R117,2026/06/11,紙,17,女性,東地区,高校生,親と同居（実家）,町内,まだ決めていない,どちらかといえば住み続けたい,どちらともいえない,どちらともいえない,どちらともいえない,やや不満,やや不満,わからない・利用していない,やや不満,参加していない,知らない,知らない,持っている,,
R118,2026/06/11,Web,15,男性,南地区,高校生,親と同居（実家）,町内,県外で進学・就職したい,どちらともいえない,やや感じる,やや満足,どちらともいえない,わからない・利用していない,どちらともいえない,どちらともいえない,やや不満,参加した,知らない,知らない,持っている,スポーツができる施設,仕事が見つかるか
R119,2026/06/11,Web,29,男性,東地区,会社員・公務員,親と同居（実家）,町外（県内）,該当しない（学生・求職中以外）,住み続けたい,やや感じる,満足,やや不満,わからない・利用していない,わからない・利用していない,やや不満,不満,参加した,知らない,名前は聞いたことがある,持っている,,病院が遠いこと
R120,2026/06/11,紙,16,男性,東地区,高校生,親と同居（実家）,町外（県内）,町内で就職したい,住み続けたい,どちらともいえない,どちらともいえない,やや満足,やや不満,やや満足,わからない・利用していない,不満,参加した,知っている,知らない,持っている,,
R121,2026/06/11,Web,16,男性,西地区,高校生,親と同居（実家）,町外（県内）,町内で就職したい,住み続けたい,やや感じる,やや満足,やや満足,どちらともいえない,満足,やや満足,不満,参加した,名前は聞いたことがある,知らない,持っている,服を買える店,結婚相手と出会えるか。町内に進学先がないこと
R122,2026/06/11,紙,24,女性,西地区,アルバイト・パート,一人暮らし,町外（県内）,該当しない（学生・求職中以外）,どちらかといえば住み続けたくない,どちらともいえない,どちらともいえない,どちらともいえない,やや不満,わからない・利用していない,やや満足,やや不満,参加した,知っている,名前は聞いたことがある,持っている,,
R123,2026/06/11,紙,17,男性,西地区,高校生,親と同居（実家）,町内,県外で進学・就職したい,どちらかといえば住み続けたい,とても感じる,やや満足,どちらともいえない,どちらともいえない,,やや不満,どちらともいえない,,知らない,知らない,持っている,,
R124,2026/06/11,紙,20,男性,東地区,大学・専門学校生,親と同居（実家）,町外（県内）,県外で進学・就職したい,どちらかといえば住み続けたくない,どちらともいえない,やや満足,どちらともいえない,やや不満,わからない・利用していない,どちらともいえない,やや不満,参加した,知らない,知らない,持っている,Wi-Fiが使える場所,
R125,2026/06/11,Web,21,女性,南地区,会社員・公務員,親と同居（実家）,町外（県内）,該当しない（学生・求職中以外）,どちらともいえない,やや感じる,やや不満,やや不満,やや不満,わからない・利用していない,やや不満,やや不満,参加していない,知らない,知らない,持っている,若い人が働ける会社,
R126,2026/06/11,Web,23,男性,西地区,会社員・公務員,一人暮らし,町内,該当しない（学生・求職中以外）,どちらともいえない,あまり感じない,どちらともいえない,やや満足,どちらともいえない,やや満足,やや満足,どちらともいえない,参加していない,名前は聞いたことがある,名前は聞いたことがある,持っている,若い人が集まれるカフェ,
R127,2026/06/12,Web,21,男性,西地区,アルバイト・パート,一人暮らし,町内,該当しない（学生・求職中以外）,どちらかといえば住み続けたくない,やや感じる,どちらともいえない,やや満足,どちらともいえない,,やや不満,やや不満,参加していない,知らない,知らない,持っている,,
R128,2026/06/12,紙,29,男性,中央地区,会社員・公務員,親と同居（実家）,町内,該当しない（学生・求職中以外）,どちらかといえば住み続けたくない,まったく感じない,やや満足,満足,どちらともいえない,やや不満,不満,どちらともいえない,参加した,知らない,知らない,持っている,夜遅くまで使える自習スペース,
R129,2026/06/12,紙,29,女性,西地区,会社員・公務員,一人暮らし,町内,該当しない（学生・求職中以外）,住み続けたくない,どちらともいえない,どちらともいえない,やや不満,やや満足,不満,どちらともいえない,やや不満,参加していない,知っている,知らない,持っている,若い人が集まれるカフェ,病院が遠いこと
R130,2026/06/12,Web,24,女性,西地区,大学・専門学校生,配偶者・子どもと同居,町外（県内）,まだ決めていない,住み続けたくない,まったく感じない,どちらともいえない,やや不満,わからない・利用していない,やや不満,どちらともいえない,,参加していない,知っている,知らない,持っている,,給料が低いこと
R131,2026/06/12,紙,17,男性,中央地区,高校生,親と同居（実家）,町外（県内）,町内で就職したい,どちらかといえば住み続けたい,どちらともいえない,どちらともいえない,やや満足,どちらともいえない,わからない・利用していない,不満,わからない・利用していない,参加した,知らない,知らない,持っている,若い人が集まれるカフェ,
R132,2026/06/12,Web,16,女性,中央地区,高校生,親と同居（実家）,町内,まだ決めていない,どちらともいえない,あまり感じない,やや満足,やや満足,やや不満,やや不満,やや不満,やや不満,,知らない,知らない,持っている,,町を出たときの一人暮らしの費用
R133,2026/06/12,紙,17,男性,中央地区,高校生,親と同居（実家）,町外（県内）,県外で進学・就職したい,住み続けたくない,あまり感じない,やや満足,やや満足,やや不満,わからない・利用していない,わからない・利用していない,やや不満,参加していない,名前は聞いたことがある,名前は聞いたことがある,持っている,服を買える店,町内に進学先がないこと
R134,2026/06/12,Web,21,男性,東地区,大学・専門学校生,親と同居（実家）,町外（県内）,県内（町外）で進学・就職したい,どちらかといえば住み続けたい,とても感じる,やや不満,満足,,わからない・利用していない,どちらともいえない,やや不満,参加していない,知らない,,持っている,,
R135,2026/06/12,紙,15,女性,北部山間地区,高校生,親と同居（実家）,町外（県内）,町内で就職したい,どちらかといえば住み続けたい,とても感じる,やや不満,どちらともいえない,わからない・利用していない,わからない・利用していない,わからない・利用していない,どちらともいえない,参加していない,名前は聞いたことがある,知らない,持っている,夜も走るバス,冬の雪かきが大変
R136,2026/06/12,紙,15,男性,中央地区,高校生,親と同居（実家）,町内,県内（町外）で進学・就職したい,住み続けたい,とても感じる,やや不満,やや満足,やや満足,わからない・利用していない,どちらともいえない,不満,参加した,知らない,知らない,持っている,,
R137,2026/06/13,Web,29,男性,東地区,会社員・公務員,親と同居（実家）,町内,該当しない（学生・求職中以外）,住み続けたい,とても感じる,やや満足,満足,満足,わからない・利用していない,どちらともいえない,どちらともいえない,参加していない,知っている,知っている,持っている,スポーツができる施設,結婚相手と出会えるか
R138,2026/06/13,Web,26,男性,中央地区,自営・家業,親と同居（実家）,町内,該当しない（学生・求職中以外）,どちらかといえば住み続けたい,やや感じる,どちらともいえない,やや満足,やや不満,わからない・利用していない,やや不満,どちらともいえない,参加した,名前は聞いたことがある,知らない,持っている,若い人が集まれるカフェ,病院が遠いこと
R139,2026/06/13,紙,16,男性,北部山間地区,高校生,親と同居（実家）,町内,県内（町外）で進学・就職したい,どちらかといえば住み続けたい,やや感じる,どちらともいえない,どちらともいえない,どちらともいえない,わからない・利用していない,満足,どちらともいえない,参加していない,知らない,知らない,持っている,夜も走るバス,
R140,2026/06/13,Web,29,女性,中央地区,会社員・公務員,親と同居（実家）,町外（県内）,該当しない（学生・求職中以外）,どちらかといえば住み続けたい,やや感じる,どちらともいえない,やや満足,どちらともいえない,わからない・利用していない,やや不満,やや不満,参加していない,知っている,,持っている,,冬の雪かきが大変
R141,2026/06/13,Web,16,女性,西地区,高校生,親と同居（実家）,町内,まだ決めていない,どちらかといえば住み続けたくない,やや感じる,やや満足,やや不満,どちらともいえない,わからない・利用していない,わからない・利用していない,やや不満,参加した,名前は聞いたことがある,知らない,持っている,コンビニがもう少しほしい,
R142,2026/06/13,Web,26,男性,北部山間地区,その他,一人暮らし,なし,該当しない（学生・求職中以外）,どちらかといえば住み続けたくない,どちらともいえない,やや不満,不満,満足,わからない・利用していない,どちらともいえない,わからない・利用していない,参加していない,知っている,知っている,持っている,,町の人口が減っていくこと
R143,2026/06/13,Web,26,男性,東地区,その他,親と同居（実家）,なし,該当しない（学生・求職中以外）,どちらともいえない,どちらともいえない,やや満足,どちらともいえない,どちらともいえない,わからない・利用していない,やや不満,不満,参加した,知らない,知らない,持っている,スポーツができる施設,
R144,2026/06/13,Web,17,男性,中央地区,高校生,親と同居（実家）,町内,県内（町外）で進学・就職したい,住み続けたい,どちらともいえない,どちらともいえない,やや満足,どちらともいえない,やや不満,わからない・利用していない,やや不満,参加していない,知っている,名前は聞いたことがある,持っている,,
R145,2026/06/13,Web,19,男性,北部山間地区,アルバイト・パート,親と同居（実家）,町内,該当しない（学生・求職中以外）,どちらかといえば住み続けたくない,とても感じる,不満,どちらともいえない,わからない・利用していない,どちらともいえない,どちらともいえない,不満,参加していない,,知らない,持っている,夜も走るバス,
R146,2026/06/13,紙,17,男性,南地区,高校生,親と同居（実家）,町内,町内で就職したい,住み続けたい,やや感じる,どちらともいえない,どちらともいえない,やや満足,わからない・利用していない,やや満足,,参加した,知っている,名前は聞いたことがある,持っている,スポーツができる施設,
R147,2026/06/13,紙,15,女性,南地区,高校生,親と同居（実家）,町外（県内）,町内で就職したい,どちらかといえば住み続けたい,やや感じる,どちらともいえない,どちらともいえない,不満,どちらともいえない,どちらともいえない,やや不満,参加していない,名前は聞いたことがある,知らない,持っている,,
R148,2026/06/13,Web,29,男性,中央地区,会社員・公務員,親と同居（実家）,町内,該当しない（学生・求職中以外）,住み続けたい,やや感じる,どちらともいえない,どちらともいえない,どちらともいえない,やや不満,やや満足,,参加していない,知らない,知らない,持っている,,
R149,2026/06/14,紙,16,女性,中央地区,高校生,親と同居（実家）,町内,県内（町外）で進学・就職したい,住み続けたい,やや感じる,満足,満足,やや不満,わからない・利用していない,やや不満,不満,参加した,名前は聞いたことがある,知らない,持っている,,
R150,2026/06/14,Web,29,男性,北部山間地区,会社員・公務員,親と同居（実家）,町内,該当しない（学生・求職中以外）,どちらかといえば住み続けたくない,やや感じる,不満,やや不満,どちらともいえない,わからない・利用していない,やや不満,どちらともいえない,参加した,知らない,,持っている,,
R151,2026/06/14,Web,23,男性,西地区,自営・家業,一人暮らし,町内,該当しない（学生・求職中以外）,住み続けたい,やや感じる,やや不満,どちらともいえない,やや満足,わからない・利用していない,満足,どちらともいえない,参加していない,名前は聞いたことがある,知らない,持っている,,
R152,2026/06/14,Web,17,男性,東地区,高校生,親と同居（実家）,町外（県内）,県内（町外）で進学・就職したい,どちらかといえば住み続けたい,やや感じる,どちらともいえない,満足,どちらともいえない,わからない・利用していない,わからない・利用していない,どちらともいえない,参加した,名前は聞いたことがある,知らない,持っている,スポーツができる施設,町内に進学先がないこと
R153,2026/06/14,Web,29,男性,中央地区,アルバイト・パート,一人暮らし,町内,該当しない（学生・求職中以外）,どちらかといえば住み続けたい,やや感じる,どちらともいえない,やや満足,どちらともいえない,わからない・利用していない,やや不満,やや不満,参加していない,知らない,名前は聞いたことがある,持っている,若い人が働ける会社,
R154,2026/06/14,紙,23,男性,中央地区,その他,親と同居（実家）,なし,該当しない（学生・求職中以外）,どちらかといえば住み続けたい,やや感じる,やや満足,やや満足,やや満足,わからない・利用していない,やや不満,不満,参加していない,知っている,知っている,持っている,,冬の雪かきが大変
R155,2026/06/14,紙,15,女性,東地区,高校生,親と同居（実家）,町内,町内で就職したい,どちらかといえば住み続けたい,どちらともいえない,どちらともいえない,やや不満,やや不満,わからない・利用していない,やや満足,不満,参加した,名前は聞いたことがある,知らない,持っている,,
R156,2026/06/14,紙,26,男性,中央地区,自営・家業,その他,町外（県内）,該当しない（学生・求職中以外）,どちらともいえない,やや感じる,やや満足,やや不満,やや満足,わからない・利用していない,どちらともいえない,どちらともいえない,参加した,名前は聞いたことがある,知らない,持っている,,
R157,2026/06/14,紙,18,男性,東地区,大学・専門学校生,親と同居（実家）,町外（県内）,県内（町外）で進学・就職したい,どちらともいえない,とても感じる,やや不満,どちらともいえない,わからない・利用していない,わからない・利用していない,不満,やや不満,参加した,知っている,知っている,持っている,,冬の雪かきが大変。仕事が見つかるか
R158,2026/06/14,Web,21,女性,東地区,大学・専門学校生,親と同居（実家）,町外（県内）,県内（町外）で進学・就職したい,どちらともいえない,どちらともいえない,やや満足,やや不満,やや不満,わからない・利用していない,どちらともいえない,どちらともいえない,参加した,知っている,名前は聞いたことがある,持っている,コンビニがもう少しほしい,町内に進学先がないこと
R159,2026/06/14,Web,20,男性,東地区,無職・求職中,親と同居（実家）,なし,県外で進学・就職したい,どちらかといえば住み続けたくない,,やや不満,やや満足,わからない・利用していない,どちらともいえない,どちらともいえない,どちらともいえない,参加していない,知らない,知らない,持っている,,
R160,2026/06/14,Web,26,男性,中央地区,会社員・公務員,親と同居（実家）,町内,該当しない（学生・求職中以外）,住み続けたい,やや感じる,やや満足,やや満足,満足,わからない・利用していない,やや満足,やや不満,参加した,名前は聞いたことがある,知らない,持っている,,給料が低いこと
R161,2026/06/15,Web,28,女性,南地区,自営・家業,親と同居（実家）,町内,該当しない（学生・求職中以外）,どちらともいえない,とても感じる,どちらともいえない,やや満足,どちらともいえない,わからない・利用していない,どちらともいえない,やや不満,参加していない,知らない,知らない,持っている,テレワークできる場所,
R162,2026/06/15,Web,24,男性,北部山間,会社員・公務員,一人暮らし,町外（県内）,該当しない（学生・求職中以外）,どちらともいえない,とても感じる,どちらともいえない,やや満足,やや不満,わからない・利用していない,やや不満,不満,参加していない,知っている,知らない,持っている,,
R163,2026/06/15,紙,26,女性,中央地区,会社員・公務員,一人暮らし,町内,該当しない（学生・求職中以外）,住み続けたい,どちらともいえない,どちらともいえない,やや満足,満足,わからない・利用していない,やや満足,不満,参加していない,名前は聞いたことがある,知らない,持っている,,町の人口が減っていくこと
R164,2026/06/15,Web,18,男性,中央地区,アルバイト・パート,親と同居（実家）,町外（県内）,該当しない（学生・求職中以外）,住み続けたい,やや感じる,やや満足,やや満足,やや満足,わからない・利用していない,やや不満,やや不満,参加した,名前は聞いたことがある,知らない,持っている,,給料が低いこと
R165,2026/06/15,Web,15,女性,東地区,高校生,親と同居（実家）,町内,町内で就職したい,どちらかといえば住み続けたい,どちらともいえない,わからない・利用していない,どちらともいえない,不満,わからない・利用していない,どちらともいえない,どちらともいえない,参加した,名前は聞いたことがある,知らない,持っている,,
R166,2026/06/15,Web,24,男性,西地区,会社員・公務員,配偶者・子どもと同居,町内,該当しない（学生・求職中以外）,どちらともいえない,やや感じる,どちらともいえない,やや不満,やや満足,やや満足,どちらともいえない,どちらともいえない,参加した,知っている,名前は聞いたことがある,持っている,,冬の雪かきが大変
R167,2026/06/15,Web,17,男性,西地区,高校生,親と同居（実家）,町外（県内）,町内で就職したい,どちらかといえば住み続けたい,どちらともいえない,どちらともいえない,満足,満足,わからない・利用していない,どちらともいえない,やや不満,参加した,知らない,知らない,持っている,,
R168,2026/06/15,Web,22,男性,中央地区,会社員・公務員,親と同居（実家）,町内,該当しない（学生・求職中以外）,どちらかといえば住み続けたい,あまり感じない,どちらともいえない,やや満足,どちらともいえない,わからない・利用していない,やや不満,やや不満,参加していない,知らない,知らない,持っている,,仕事が見つかるか
R169,2026/06/15,Web,23,男性,南地区,自営・家業,配偶者・子どもと同居,町外（県内）,該当しない（学生・求職中以外）,住み続けたくない,あまり感じない,満足,,やや不満,わからない・利用していない,不満,どちらともいえない,参加していない,,知らない,持っている,,冬の雪かきが大変
R170,2026/06/15,Web,23,女性,西地区,自営・家業,一人暮らし,町内,該当しない（学生・求職中以外）,どちらともいえない,どちらともいえない,やや満足,どちらともいえない,やや不満,わからない・利用していない,どちらともいえない,どちらともいえない,参加していない,名前は聞いたことがある,知っている,持っている,,
R171,2026/06/15,Web,26,女性,東地区,自営・家業,一人暮らし,県外,該当しない（学生・求職中以外）,どちらともいえない,どちらともいえない,どちらともいえない,やや満足,わからない・利用していない,どちらともいえない,やや不満,やや不満,参加していない,知らない,知らない,持っている,,
R172,2026/06/16,Web,18,男性,中央地区,自営・家業,親と同居（実家）,町外（県内）,該当しない（学生・求職中以外）,どちらかといえば住み続けたい,やや感じる,どちらともいえない,満足,わからない・利用していない,わからない・利用していない,どちらともいえない,やや不満,参加した,知っている,知っている,持っている,,
R173,2026/06/16,Web,16,女性,南地区,高校生,その他,町外（県内）,まだ決めていない,どちらかといえば住み続けたくない,どちらともいえない,満足,どちらともいえない,,わからない・利用していない,やや不満,不満,参加していない,知らない,知らない,持っている,,
R174,2026/06/16,紙,21,男性,中央地区,大学・専門学校生,親と同居（実家）,町外（県内）,まだ決めていない,どちらともいえない,どちらともいえない,満足,どちらともいえない,どちらともいえない,わからない・利用していない,わからない・利用していない,やや不満,参加していない,名前は聞いたことがある,知らない,持っている,若い人が集まれるカフェ,
R175,2026/06/16,Web,16,男性,中央,高校生,親と同居（実家）,町外（県内）,町内で就職したい,どちらかといえば住み続けたい,やや感じる,やや不満,どちらともいえない,わからない・利用していない,わからない・利用していない,わからない・利用していない,やや不満,参加した,名前は聞いたことがある,知らない,持っている,スポーツができる施設,
R176,2026/06/16,Web,26,男性,東地区,その他,親と同居（実家）,なし,該当しない（学生・求職中以外）,どちらかといえば住み続けたい,とても感じる,どちらともいえない,どちらともいえない,やや満足,わからない・利用していない,どちらともいえない,どちらともいえない,参加した,知らない,知らない,持っている,,
R177,2026/06/16,Web,25,女性,中央地区,会社員・公務員,親と同居（実家）,町内,該当しない（学生・求職中以外）,どちらかといえば住み続けたい,,やや満足,やや満足,わからない・利用していない,わからない・利用していない,やや満足,やや満足,参加した,知らない,知らない,持っている,,
R178,2026/06/16,Web,16,男性,南地区,高校生,親と同居（実家）,町外（県内）,まだ決めていない,どちらともいえない,やや感じる,どちらともいえない,やや満足,どちらともいえない,わからない・利用していない,やや不満,やや不満,参加した,知らない,知らない,持っている,若い人が集まれるカフェ,
R179,2026/06/17,紙,16,男性,中央,高校生,親と同居（実家）,町内,まだ決めていない,どちらともいえない,とても感じる,どちらともいえない,満足,どちらともいえない,わからない・利用していない,不満,どちらともいえない,参加していない,知らない,知らない,持っている,,
R180,2026/06/17,Web,24,女性,東地区,会社員・公務員,親と同居（実家）,町内,該当しない（学生・求職中以外）,どちらかといえば住み続けたい,やや感じる,やや満足,やや不満,どちらともいえない,わからない・利用していない,どちらともいえない,やや満足,,知っている,名前は聞いたことがある,持っている,,仕事が見つかるか
R181,2026/06/17,Web,15,男性,西地区,高校生,親と同居（実家）,町内,県外で進学・就職したい,どちらかといえば住み続けたくない,あまり感じない,どちらともいえない,満足,わからない・利用していない,やや不満,どちらともいえない,やや不満,参加した,知らない,知らない,持っている,,病院が遠いこと
R182,2026/06/18,Web,16,男性,中央地区,高校生,親と同居（実家）,町内,県外で進学・就職したい,住み続けたくない,まったく感じない,,どちらともいえない,わからない・利用していない,わからない・利用していない,やや不満,不満,参加した,名前は聞いたことがある,名前は聞いたことがある,持っている,夜遅くまで使える自習スペース,
R183,2026/06/18,紙,24,女性,西地区,無職・求職中,一人暮らし,なし,県外で進学・就職したい,住み続けたくない,まったく感じない,やや満足,,どちらともいえない,わからない・利用していない,やや不満,どちらともいえない,参加していない,名前は聞いたことがある,知らない,持っている,,町の人口が減っていくこと
R184,2026/06/18,Web,26,男性,中央地区,自営・家業,親と同居（実家）,町内,該当しない（学生・求職中以外）,住み続けたい,やや感じる,やや満足,やや満足,わからない・利用していない,わからない・利用していない,どちらともいえない,どちらともいえない,参加した,名前は聞いたことがある,知らない,持っている,,
R185,2026/06/18,紙,17,女性,東地区,高校生,親と同居（実家）,町外（県内）,町内で就職したい,住み続けたい,やや感じる,やや満足,やや満足,どちらともいえない,わからない・利用していない,わからない・利用していない,やや不満,参加した,知らない,知らない,持っている,,
R186,2026/06/18,Web,25,男性,北部山間地区,会社員・公務員,配偶者・子どもと同居,町内,該当しない（学生・求職中以外）,住み続けたくない,どちらともいえない,やや不満,やや不満,わからない・利用していない,やや不満,どちらともいえない,やや不満,参加していない,名前は聞いたことがある,知らない,持っている,,
R187,2026/06/18,Web,15,男性,東地区,高校生,親と同居（実家）,町内,町内で就職したい,どちらともいえない,あまり感じない,やや満足,不満,どちらともいえない,わからない・利用していない,どちらともいえない,不満,参加していない,知らない,知らない,持っている,,町の人口が減っていくこと
R188,2026/06/18,紙,23,男性,東地区,会社員・公務員,一人暮らし,町内,該当しない（学生・求職中以外）,どちらかといえば住み続けたい,やや感じる,どちらともいえない,やや満足,どちらともいえない,わからない・利用していない,やや満足,やや不満,参加した,知っている,知らない,持っている,町内の求人の情報がまとまっているところ,
R189,2026/06/18,紙,20,男性,西地区,大学・専門学校生,親と同居（実家）,県外,まだ決めていない,住み続けたくない,あまり感じない,不満,やや不満,わからない・利用していない,わからない・利用していない,やや不満,どちらともいえない,参加した,知らない,知らない,持っていない,夜遅くまで使える自習スペース,
R190,2026/06/18,Web,29,男性,中央地区,会社員・公務員,一人暮らし,町内,該当しない（学生・求職中以外）,どちらともいえない,どちらともいえない,やや満足,どちらともいえない,わからない・利用していない,わからない・利用していない,どちらともいえない,やや不満,参加していない,名前は聞いたことがある,知っている,持っている,,町の人口が減っていくこと
R191,2026/06/18,Web,18,男性,西地区,自営・家業,親と同居（実家）,町内,該当しない（学生・求職中以外）,住み続けたい,とても感じる,やや満足,やや不満,やや不満,わからない・利用していない,わからない・利用していない,不満,参加した,知っている,知っている,持っている,,
R192,2026/06/18,紙,25,男性,中央,会社員・公務員,親と同居（実家）,町外（県内）,該当しない（学生・求職中以外）,どちらかといえば住み続けたい,どちらともいえない,どちらともいえない,どちらともいえない,やや不満,わからない・利用していない,どちらともいえない,不満,参加した,知っている,名前は聞いたことがある,持っている,,
R193,2026/06/18,紙,16,女性,東地区,高校生,親と同居（実家）,町外（県内）,まだ決めていない,住み続けたくない,,やや満足,やや満足,やや不満,わからない・利用していない,やや不満,わからない・利用していない,参加した,名前は聞いたことがある,知らない,持っている,服を買える店,町内に進学先がないこと。給料が低いこと
R194,2026/06/19,紙,20,男性,東地区,アルバイト・パート,一人暮らし,町外（県内）,該当しない（学生・求職中以外）,どちらともいえない,どちらともいえない,やや満足,どちらともいえない,やや満足,わからない・利用していない,やや不満,どちらともいえない,参加していない,知っている,知らない,持っている,,町の人口が減っていくこと。冬の雪かきが大変
R195,2026/06/19,紙,29,男性,中央地区,会社員・公務員,配偶者・子どもと同居,町外（県内）,該当しない（学生・求職中以外）,どちらかといえば住み続けたい,どちらともいえない,どちらともいえない,やや不満,どちらともいえない,どちらともいえない,やや不満,やや不満,参加していない,名前は聞いたことがある,知らない,持っている,テレワークできる場所,給料が低いこと
R196,2026/06/19,紙,16,男性,東地区,高校生,親と同居（実家）,町外（県内）,町内で就職したい,住み続けたい,とても感じる,やや不満,やや満足,不満,わからない・利用していない,やや満足,やや不満,参加した,名前は聞いたことがある,知っている,持っている,,
R197,2026/06/19,紙,22,女性,中央地区,大学・専門学校生,その他,町外（県内）,県外で進学・就職したい,住み続けたくない,あまり感じない,わからない・利用していない,どちらともいえない,どちらともいえない,やや満足,やや不満,,参加していない,名前は聞いたことがある,知らない,持っている,,町内に進学先がないこと
R198,2026/06/19,Web,27,男性,北部山間地区,会社員・公務員,親と同居（実家）,町外（県内）,該当しない（学生・求職中以外）,住み続けたい,とても感じる,やや不満,やや不満,満足,わからない・利用していない,やや不満,どちらともいえない,参加した,知っている,名前は聞いたことがある,持っている,若い人が働ける会社,
R199,2026/06/19,Web,27,男性,西地区,会社員・公務員,配偶者・子どもと同居,町内,該当しない（学生・求職中以外）,住み続けたくない,あまり感じない,やや満足,どちらともいえない,やや不満,やや不満,やや不満,やや不満,参加していない,名前は聞いたことがある,名前は聞いたことがある,持っている,子どもを遊ばせられる屋内の遊び場,
R200,2026/06/19,紙,16,女性,中央地区,高校生,親と同居（実家）,町内,県内（町外）で進学・就職したい,どちらかといえば住み続けたい,とても感じる,どちらともいえない,やや満足,どちらともいえない,わからない・利用していない,どちらともいえない,やや不満,参加していない,知らない,名前は聞いたことがある,持っている,スポーツができる施設,
R201,2026/06/19,Web,26,,中央地区,無職・求職中,配偶者・子どもと同居,なし,県外で進学・就職したい,どちらかといえば住み続けたくない,あまり感じない,やや満足,やや満足,どちらともいえない,どちらともいえない,やや不満,わからない・利用していない,参加した,知っている,知らない,持っている,子どもを遊ばせられる屋内の遊び場,
R202,2026/06/19,紙,28,男性,西地区,アルバイト・パート,配偶者・子どもと同居,町外（県内）,該当しない（学生・求職中以外）,どちらかといえば住み続けたくない,まったく感じない,どちらともいえない,やや満足,どちらともいえない,どちらともいえない,やや不満,やや不満,参加していない,名前は聞いたことがある,名前は聞いたことがある,持っている,,
R203,2026/06/20,紙,26,男性,東地区,会社員・公務員,一人暮らし,町内,該当しない（学生・求職中以外）,どちらともいえない,まったく感じない,どちらともいえない,やや満足,やや不満,わからない・利用していない,どちらともいえない,どちらともいえない,参加していない,知らない,知らない,持っている,,
R204,2026/06/20,Web,29,,中央地区,アルバイト・パート,一人暮らし,町外（県内）,該当しない（学生・求職中以外）,どちらともいえない,あまり感じない,満足,満足,やや満足,わからない・利用していない,どちらともいえない,どちらともいえない,参加していない,名前は聞いたことがある,知らない,持っている,コンビニがもう少しほしい,
R205,2026/06/20,Web,22,女性,北部山間,会社員・公務員,親と同居（実家）,町内,該当しない（学生・求職中以外）,どちらかといえば住み続けたい,やや感じる,やや不満,やや不満,どちらともいえない,わからない・利用していない,やや不満,どちらともいえない,参加した,知らない,知らない,持っている,,
R206,2026/06/20,Web,24,女性,東地区,会社員・公務員,親と同居（実家）,町内,該当しない（学生・求職中以外）,住み続けたい,どちらともいえない,どちらともいえない,やや満足,やや満足,わからない・利用していない,やや満足,やや不満,参加していない,知らない,名前は聞いたことがある,持っている,テレワークできる場所,仕事が見つかるか。町の人口が減っていくこと
R207,2026/06/20,Web,17,女性,西地区,高校生,親と同居（実家）,町内,県内（町外）で進学・就職したい,住み続けたい,やや感じる,不満,どちらともいえない,どちらともいえない,わからない・利用していない,わからない・利用していない,どちらともいえない,参加した,知らない,知らない,持っている,,
R208,2026/06/21,紙,17,女性,西地区,高校生,親と同居（実家）,町内,町内で就職したい,どちらかといえば住み続けたい,どちらともいえない,やや不満,やや不満,どちらともいえない,わからない・利用していない,やや満足,やや不満,参加した,知らない,知らない,持っている,Wi-Fiが使える場所,
R209,2026/06/21,Web,27,女性,西地区,会社員・公務員,一人暮らし,町内,該当しない（学生・求職中以外）,どちらともいえない,どちらともいえない,どちらともいえない,やや満足,どちらともいえない,わからない・利用していない,どちらともいえない,やや不満,参加していない,名前は聞いたことがある,知らない,持っていない,,給料が低いこと。町の人口が減っていくこと
R210,2026/06/21,Web,29,男性,中央,無職・求職中,親と同居（実家）,なし,町内で就職したい,住み続けたい,とても感じる,やや満足,どちらともいえない,どちらともいえない,わからない・利用していない,やや満足,不満,参加していない,名前は聞いたことがある,名前は聞いたことがある,持っている,,親の介護。冬の雪かきが大変
R211,2026/06/21,Web,27,男性,南地区,無職・求職中,親と同居（実家）,なし,まだ決めていない,住み続けたい,とても感じる,どちらともいえない,どちらともいえない,満足,やや満足,どちらともいえない,どちらともいえない,参加した,知っている,名前は聞いたことがある,持っている,映画館,
R212,2026/06/21,紙,23,男性,東地区,会社員・公務員,親と同居（実家）,町外（県内）,該当しない（学生・求職中以外）,どちらかといえば住み続けたい,,やや不満,やや満足,どちらともいえない,わからない・利用していない,どちらともいえない,どちらともいえない,参加していない,知っている,名前は聞いたことがある,持っている,コンビニがもう少しほしい,親の介護
R213,2026/06/21,Web,28,女性,中央地区,アルバイト・パート,親と同居（実家）,町外（県内）,該当しない（学生・求職中以外）,住み続けたい,とても感じる,満足,やや満足,やや不満,わからない・利用していない,どちらともいえない,どちらともいえない,参加した,名前は聞いたことがある,知らない,持っている,,
R214,2026/06/21,紙,25,男性,西地区,会社員・公務員,親と同居（実家）,町内,該当しない（学生・求職中以外）,住み続けたい,あまり感じない,どちらともいえない,やや満足,どちらともいえない,わからない・利用していない,やや不満,どちらともいえない,参加していない,名前は聞いたことがある,名前は聞いたことがある,持っている,夜遅くまで使える自習スペース,給料が低いこと
R215,2026/06/21,Web,28,女性,北部山間地区,自営・家業,配偶者・子どもと同居,町内,該当しない（学生・求職中以外）,どちらかといえば住み続けたくない,どちらともいえない,不満,やや不満,どちらともいえない,どちらともいえない,やや不満,不満,参加した,名前は聞いたことがある,知らない,持っている,,
R216,2026/06/22,紙,27,男性,東地区,会社員・公務員,配偶者・子どもと同居,町外（県内）,該当しない（学生・求職中以外）,住み続けたくない,あまり感じない,やや不満,やや不満,やや満足,満足,やや満足,どちらともいえない,参加していない,名前は聞いたことがある,知らない,持っている,若い人が集まれるカフェ,
R217,2026/06/22,紙,16,女性,南地区,高校生,親と同居（実家）,町内,町内で就職したい,住み続けたい,やや感じる,やや満足,やや不満,わからない・利用していない,わからない・利用していない,どちらともいえない,,参加していない,,知らない,持っている,,町の人口が減っていくこと
R218,2026/06/22,紙,28,男性,南地区,会社員・公務員,一人暮らし,町外（県内）,該当しない（学生・求職中以外）,,とても感じる,どちらともいえない,満足,やや不満,わからない・利用していない,やや不満,やや不満,参加していない,名前は聞いたことがある,知っている,持っている,,
R219,2026/06/22,紙,15,男性,西地区,その他,親と同居（実家）,なし,該当しない（学生・求職中以外）,どちらともいえない,まったく感じない,どちらともいえない,どちらともいえない,どちらともいえない,わからない・利用していない,やや不満,やや不満,参加していない,知らない,知らない,持っている,,
R220,2026/06/22,紙,23,女性,南地区,その他,親と同居（実家）,なし,該当しない（学生・求職中以外）,どちらかといえば住み続けたい,やや感じる,やや満足,やや満足,わからない・利用していない,わからない・利用していない,やや不満,どちらともいえない,参加した,知らない,知らない,持っている,,給料が低いこと。病院が遠いこと
R221,2026/06/22,Web,26,女性,中央地区,その他,親と同居（実家）,なし,該当しない（学生・求職中以外）,どちらかといえば住み続けたくない,やや感じる,やや満足,やや満足,満足,わからない・利用していない,不満,不満,参加した,知っている,知らない,持っている,映画館,町の人口が減っていくこと
R222,2026/06/22,紙,16,女性,西地区,高校生,親と同居（実家）,町内,県外で進学・就職したい,どちらかといえば住み続けたくない,どちらともいえない,どちらともいえない,,やや満足,わからない・利用していない,やや不満,やや不満,,知っている,知っている,持っている,,
R223,2026/06/22,紙,29,女性,北部山間地区,自営・家業,親と同居（実家）,町外（県内）,該当しない（学生・求職中以外）,どちらかといえば住み続けたくない,やや感じる,不満,やや不満,わからない・利用していない,わからない・利用していない,やや不満,不満,参加した,知っている,知っている,持っている,,
R224,2026/06/23,紙,26,女性,西地区,アルバイト・パート,一人暮らし,町外（県内）,該当しない（学生・求職中以外）,どちらかといえば住み続けたくない,まったく感じない,どちらともいえない,やや不満,やや満足,わからない・利用していない,やや不満,やや不満,参加していない,知らない,知らない,持っている,テレワークできる場所,
R225,2026/06/23,Web,23,女性,中央地区,会社員・公務員,親と同居（実家）,町内,該当しない（学生・求職中以外）,,とても感じる,やや満足,どちらともいえない,わからない・利用していない,わからない・利用していない,どちらともいえない,どちらともいえない,参加した,知っている,名前は聞いたことがある,持っている,若い人が働ける会社,町の人口が減っていくこと
R226,2026/06/23,紙,20,女性,東地区,会社員・公務員,親と同居（実家）,町外（県内）,該当しない（学生・求職中以外）,住み続けたい,とても感じる,どちらともいえない,やや不満,やや満足,わからない・利用していない,やや不満,やや不満,参加した,知らない,知らない,持っている,若者向けのイベント,
R227,2026/06/23,紙,27,女性,中央地区,会社員・公務員,一人暮らし,町外（県内）,該当しない（学生・求職中以外）,どちらともいえない,あまり感じない,やや満足,どちらともいえない,不満,わからない・利用していない,やや満足,やや不満,参加していない,知っている,知っている,持っている,,冬の雪かきが大変。給料が低いこと
R228,2026/06/23,Web,26,男性,中央地区,その他,一人暮らし,なし,該当しない（学生・求職中以外）,住み続けたくない,どちらともいえない,どちらともいえない,やや満足,どちらともいえない,わからない・利用していない,やや不満,どちらともいえない,参加した,知っている,知らない,持っている,,冬の雪かきが大変
R229,2026/06/23,紙,17,その他・回答しない,東地区,高校生,親と同居（実家）,町内,県内（町外）で進学・就職したい,どちらともいえない,とても感じる,やや満足,やや不満,やや不満,やや不満,どちらともいえない,やや不満,参加した,知っている,名前は聞いたことがある,持っている,,
R230,2026/06/23,Web,26,その他・回答しない,西地区,アルバイト・パート,一人暮らし,町内,該当しない（学生・求職中以外）,どちらともいえない,やや感じる,どちらともいえない,やや不満,,わからない・利用していない,わからない・利用していない,やや不満,参加していない,知っている,名前は聞いたことがある,持っている,,
R231,2026/06/23,紙,18,女性,東地区,大学・専門学校生,一人暮らし,町外（県内）,県外で進学・就職したい,どちらともいえない,あまり感じない,満足,どちらともいえない,やや満足,わからない・利用していない,わからない・利用していない,不満,参加していない,名前は聞いたことがある,知らない,持っている,,親の介護
R232,2026/06/23,Web,16,女性,中央地区,高校生,親と同居（実家）,町内,県内（町外）で進学・就職したい,どちらかといえば住み続けたい,あまり感じない,やや満足,やや満足,どちらともいえない,やや満足,わからない・利用していない,どちらともいえない,参加した,知らない,知らない,持っている,Wi-Fiが使える場所,町を出たときの一人暮らしの費用。親の介護
R233,2026/06/23,Web,15,女性,西地区,高校生,親と同居（実家）,町外（県内）,県内（町外）で進学・就職したい,どちらともいえない,どちらともいえない,わからない・利用していない,やや不満,わからない・利用していない,わからない・利用していない,わからない・利用していない,不満,参加していない,名前は聞いたことがある,知っている,持っている,夜遅くまで使える自習スペース,
R234,2026/06/23,紙,17,男性,中央地区,高校生,親と同居（実家）,町内,まだ決めていない,住み続けたくない,まったく感じない,やや不満,やや不満,どちらともいえない,やや満足,やや不満,不満,参加していない,知らない,知らない,持っている,,
R235,2026/06/24,紙,16,男性,南地区,高校生,親と同居（実家）,町内,県内（町外）で進学・就職したい,どちらともいえない,どちらともいえない,どちらともいえない,どちらともいえない,どちらともいえない,わからない・利用していない,やや不満,どちらともいえない,参加した,知っている,名前は聞いたことがある,持っている,コンビニがもう少しほしい,
R236,2026/06/24,Web,28,女性,中央地区,会社員・公務員,配偶者・子どもと同居,町内,該当しない（学生・求職中以外）,どちらともいえない,あまり感じない,満足,わからない・利用していない,どちらともいえない,やや不満,どちらともいえない,やや不満,参加していない,知らない,名前は聞いたことがある,持っている,,
R237,2026/06/24,Web,24,男性,西地区,会社員・公務員,親と同居（実家）,町内,該当しない（学生・求職中以外）,どちらかといえば住み続けたい,とても感じる,どちらともいえない,どちらともいえない,どちらともいえない,わからない・利用していない,満足,不満,参加した,知らない,知らない,持っている,町内の求人の情報がまとまっているところ,
R238,2026/06/24,Web,25,女性,中央地区,会社員・公務員,一人暮らし,町内,該当しない（学生・求職中以外）,どちらともいえない,どちらともいえない,やや満足,やや満足,どちらともいえない,わからない・利用していない,どちらともいえない,不満,参加した,名前は聞いたことがある,知らない,持っている,,結婚相手と出会えるか。病院が遠いこと
R239,2026/06/24,Web,24,女性,東地区,会社員・公務員,親と同居（実家）,町内,該当しない（学生・求職中以外）,住み続けたい,あまり感じない,やや不満,どちらともいえない,やや不満,わからない・利用していない,やや満足,わからない・利用していない,参加していない,知らない,知らない,持っている,,
R240,2026/06/24,紙,15,女性,西地区,高校生,親と同居（実家）,町外（県内）,県内（町外）で進学・就職したい,どちらともいえない,とても感じる,やや満足,やや不満,やや満足,わからない・利用していない,わからない・利用していない,どちらともいえない,参加していない,知らない,知らない,持っている,,
R241,2026/06/24,紙,16,男性,中央地区,高校生,親と同居（実家）,町外（県内）,町内で就職したい,住み続けたい,とても感じる,やや不満,,どちらともいえない,わからない・利用していない,やや不満,どちらともいえない,参加していない,知らない,知らない,持っている,Wi-Fiが使える場所,町内に進学先がないこと
R242,2026/06/24,Web,26,女性,東地区,会社員・公務員,親と同居（実家）,町外（県内）,該当しない（学生・求職中以外）,どちらかといえば住み続けたい,どちらともいえない,やや不満,どちらともいえない,どちらともいえない,わからない・利用していない,わからない・利用していない,どちらともいえない,参加していない,知っている,名前は聞いたことがある,持っている,,
R243,2026/06/24,Web,21,女性,西地区,会社員・公務員,配偶者・子どもと同居,町外（県内）,該当しない（学生・求職中以外）,どちらともいえない,やや感じる,やや満足,やや不満,どちらともいえない,やや満足,やや不満,不満,参加していない,知らない,知らない,持っている,,
R244,2026/06/24,紙,15,女性,西地区,高校生,親と同居（実家）,町外（県内）,県外で進学・就職したい,どちらともいえない,どちらともいえない,どちらともいえない,やや不満,わからない・利用していない,わからない・利用していない,やや不満,不満,参加していない,知らない,知らない,持っている,Wi-Fiが使える場所,町を出たときの一人暮らしの費用
R245,2026/06/24,Web,20,女性,南地区,大学・専門学校生,親と同居（実家）,町外（県内）,まだ決めていない,どちらともいえない,とても感じる,どちらともいえない,不満,わからない・利用していない,わからない・利用していない,不満,やや不満,参加した,名前は聞いたことがある,知らない,持っている,若い人が集まれるカフェ,
R246,2026/06/25,Web,27,女性,東地区,会社員・公務員,親と同居（実家）,町内,該当しない（学生・求職中以外）,どちらかといえば住み続けたい,やや感じる,やや満足,どちらともいえない,どちらともいえない,わからない・利用していない,どちらともいえない,不満,参加していない,名前は聞いたことがある,知らない,持っている,,
R247,2026/06/25,紙,15,男性,中央地区,高校生,親と同居（実家）,町外（県内）,県外で進学・就職したい,どちらかといえば住み続けたくない,まったく感じない,やや満足,やや満足,やや満足,わからない・利用していない,やや不満,やや不満,参加した,知っている,知らない,持っている,,
R248,2026/06/25,Web,17,男性,西地区,高校生,親と同居（実家）,町外（県内）,県外で進学・就職したい,どちらともいえない,やや感じる,どちらともいえない,どちらともいえない,どちらともいえない,わからない・利用していない,わからない・利用していない,,参加した,知らない,知らない,持っている,,
R249,2026/06/25,Web,16,,中央地区,高校生,親と同居（実家）,町外（県内）,町内で就職したい,住み続けたい,とても感じる,満足,やや満足,やや満足,わからない・利用していない,やや不満,やや不満,参加した,知らない,知らない,持っている,,
R250,2026/06/25,Web,,男性,東地区,アルバイト・パート,親と同居（実家）,町内,該当しない（学生・求職中以外）,どちらともいえない,どちらともいえない,どちらともいえない,やや不満,わからない・利用していない,わからない・利用していない,やや満足,やや不満,参加した,,知らない,持っている,テレワークできる場所,
R251,2026/06/25,Web,28,男性,中央地区,会社員・公務員,親と同居（実家）,町外（県内）,該当しない（学生・求職中以外）,どちらともいえない,まったく感じない,満足,やや満足,やや満足,わからない・利用していない,やや不満,不満,参加した,知っている,知っている,持っている,,
R252,2026/06/26,紙,17,女性,南地区,高校生,親と同居（実家）,町内,まだ決めていない,どちらともいえない,とても感じる,やや不満,どちらともいえない,やや満足,わからない・利用していない,やや不満,不満,参加した,知らない,知らない,持っている,夜遅くまで使える自習スペース,バスがなくなるかもしれないこと。車がないと生活できないこと
R253,2026/06/26,紙,17,男性,東地区,高校生,親と同居（実家）,町内,まだ決めていない,どちらかといえば住み続けたい,あまり感じない,どちらともいえない,やや不満,どちらともいえない,わからない・利用していない,どちらともいえない,,参加していない,知らない,知らない,持っている,,町を出たときの一人暮らしの費用
R254,2026/06/26,紙,17,男性,北部山間地区,高校生,親と同居（実家）,町外（県内）,県内（町外）で進学・就職したい,どちらともいえない,やや感じる,やや不満,やや不満,満足,わからない・利用していない,やや不満,わからない・利用していない,参加した,名前は聞いたことがある,名前は聞いたことがある,持っている,,
R255,2026/06/26,Web,25,女性,東地区,会社員・公務員,親と同居（実家）,町内,該当しない（学生・求職中以外）,住み続けたい,やや感じる,どちらともいえない,不満,,わからない・利用していない,どちらともいえない,やや不満,参加していない,名前は聞いたことがある,知らない,持っている,夜遅くまで使える自習スペース,
R256,2026/06/26,Web,27,女性,西地区,会社員・公務員,一人暮らし,町外（県内）,該当しない（学生・求職中以外）,どちらかといえば住み続けたい,とても感じる,どちらともいえない,やや不満,わからない・利用していない,不満,どちらともいえない,不満,参加していない,知らない,知らない,持っている,,給料が低いこと
R257,2026/06/26,紙,25,,東地区,会社員・公務員,一人暮らし,町外（県内）,該当しない（学生・求職中以外）,どちらかといえば住み続けたくない,やや感じる,やや満足,,どちらともいえない,わからない・利用していない,どちらともいえない,やや不満,参加していない,知らない,知らない,持っている,,
R258,2026/06/26,Web,17,男性,中央地区,高校生,親と同居（実家）,町内,町内で就職したい,どちらかといえば住み続けたい,やや感じる,やや満足,満足,やや満足,わからない・利用していない,どちらともいえない,,参加した,名前は聞いたことがある,知らない,持っている,,
R259,2026/06/26,Web,15,男性,東地区,高校生,親と同居（実家）,町外（県内）,県内（町外）で進学・就職したい,どちらともいえない,とても感じる,やや不満,どちらともいえない,やや満足,わからない・利用していない,わからない・利用していない,どちらともいえない,参加した,名前は聞いたことがある,名前は聞いたことがある,持っている,,
R260,2026/06/26,紙,16,男性,中央地区,高校生,親と同居（実家）,町外（県内）,町内で就職したい,住み続けたい,とても感じる,どちらともいえない,満足,やや満足,やや満足,やや満足,どちらともいえない,参加した,知らない,知らない,持っている,,
R261,2026/06/26,Web,26,女性,中央地区,会社員・公務員,一人暮らし,町外（県内）,該当しない（学生・求職中以外）,住み続けたい,どちらともいえない,満足,満足,やや満足,わからない・利用していない,どちらともいえない,やや不満,参加していない,知らない,知らない,持っている,,冬の雪かきが大変
R262,2026/06/26,紙,28,,中央地区,会社員・公務員,親と同居（実家）,町内,該当しない（学生・求職中以外）,どちらともいえない,まったく感じない,やや不満,どちらともいえない,やや満足,わからない・利用していない,やや不満,どちらともいえない,参加した,知っている,知っている,持っている,若い人が働ける会社,
R263,2026/06/27,Web,23,女性,中央地区,会社員・公務員,親と同居（実家）,町内,該当しない（学生・求職中以外）,どちらともいえない,あまり感じない,やや不満,どちらともいえない,わからない・利用していない,わからない・利用していない,やや不満,どちらともいえない,参加していない,名前は聞いたことがある,知らない,持っている,,
R264,2026/06/27,紙,16,男性,中央地区,高校生,親と同居（実家）,町内,県外で進学・就職したい,住み続けたくない,まったく感じない,やや満足,やや満足,わからない・利用していない,わからない・利用していない,わからない・利用していない,わからない・利用していない,参加していない,知らない,知らない,持っている,スポーツができる施設,冬の雪かきが大変
R265,2026/06/27,Web,19,女性,東地区,大学・専門学校生,親と同居（実家）,町外（県内）,町内で就職したい,,やや感じる,やや不満,どちらともいえない,どちらともいえない,わからない・利用していない,わからない・利用していない,やや満足,参加した,名前は聞いたことがある,知らない,持っている,映画館,結婚相手と出会えるか
R266,2026/06/27,Web,27,男性,中央地区,会社員・公務員,一人暮らし,町外（県内）,該当しない（学生・求職中以外）,どちらかといえば住み続けたくない,,やや満足,どちらともいえない,どちらともいえない,わからない・利用していない,やや不満,わからない・利用していない,参加した,名前は聞いたことがある,名前は聞いたことがある,持っている,若い人が集まれるカフェ,親の介護
R267,2026/06/27,Web,24,女性,西地区,会社員・公務員,一人暮らし,町内,該当しない（学生・求職中以外）,どちらかといえば住み続けたい,まったく感じない,やや満足,やや不満,どちらともいえない,わからない・利用していない,どちらともいえない,どちらともいえない,参加していない,知らない,知らない,持っている,,
R268,2026/06/27,紙,17,男性,東地区,高校生,親と同居（実家）,町外（県内）,町内で就職したい,どちらかといえば住み続けたい,どちらともいえない,やや満足,どちらともいえない,満足,わからない・利用していない,やや不満,どちらともいえない,参加した,知らない,知らない,持っている,,結婚相手と出会えるか
R269,2026/06/27,Web,29,女性,東地区,アルバイト・パート,その他,町内,該当しない（学生・求職中以外）,どちらかといえば住み続けたい,やや感じる,,どちらともいえない,どちらともいえない,わからない・利用していない,どちらともいえない,どちらともいえない,参加していない,知っている,知らない,持っている,若者向けのイベント,
R270,2026/06/27,紙,16,男性,東地区,高校生,親と同居（実家）,町内,町内で就職したい,どちらかといえば住み続けたい,やや感じる,やや満足,不満,どちらともいえない,どちらともいえない,やや不満,どちらともいえない,参加した,知らない,知らない,持っている,若い人が集まれるカフェ,
R271,2026/06/27,紙,29,女性,西地区,会社員・公務員,親と同居（実家）,町内,該当しない（学生・求職中以外）,住み続けたい,とても感じる,どちらともいえない,どちらともいえない,どちらともいえない,わからない・利用していない,どちらともいえない,不満,参加した,知っている,知っている,持っている,テレワークできる場所,
R272,2026/06/27,紙,19,男性,中央地区,会社員・公務員,親と同居（実家）,町内,該当しない（学生・求職中以外）,住み続けたい,やや感じる,満足,満足,わからない・利用していない,わからない・利用していない,やや満足,やや不満,参加していない,知らない,知らない,持っている,,
R273,2026/06/27,Web,24,女性,中央,会社員・公務員,配偶者・子どもと同居,町外（県内）,該当しない（学生・求職中以外）,住み続けたくない,まったく感じない,やや満足,どちらともいえない,やや満足,,不満,やや不満,参加していない,知っている,名前は聞いたことがある,持っている,夜遅くまで使える自習スペース,
R274,2026/06/28,紙,28,女性,東地区,会社員・公務員,親と同居（実家）,町内,該当しない（学生・求職中以外）,どちらともいえない,あまり感じない,どちらともいえない,どちらともいえない,不満,わからない・利用していない,どちらともいえない,やや不満,参加していない,知らない,知らない,持っている,,
R275,2026/06/28,Web,18,男性,中央地区,アルバイト・パート,一人暮らし,町内,該当しない（学生・求職中以外）,どちらかといえば住み続けたくない,やや感じる,やや不満,どちらともいえない,やや不満,どちらともいえない,不満,やや不満,参加していない,名前は聞いたことがある,知らない,持っている,若い人が働ける会社,
R276,2026/06/28,Web,21,その他・回答しない,南地区,大学・専門学校生,親と同居（実家）,県外,町内で就職したい,どちらかといえば住み続けたい,やや感じる,どちらともいえない,不満,やや満足,わからない・利用していない,やや満足,わからない・利用していない,参加した,知らない,知らない,持っている,,親の介護。町の人口が減っていくこと
R277,2026/06/28,Web,15,男性,西地区,高校生,親と同居（実家）,町内,県外で進学・就職したい,どちらともいえない,どちらともいえない,どちらともいえない,やや不満,どちらともいえない,わからない・利用していない,わからない・利用していない,やや不満,参加していない,知らない,知らない,持っている,夜遅くまで使える自習スペース,
R278,2026/06/28,Web,22,女性,東地区,大学・専門学校生,親と同居（実家）,町外（県内）,県外で進学・就職したい,どちらかといえば住み続けたくない,やや感じる,やや不満,やや不満,どちらともいえない,わからない・利用していない,やや不満,やや不満,参加していない,知らない,知らない,持っている,,
R279,2026/06/28,Web,17,女性,東地区,高校生,親と同居（実家）,町外（県内）,町内で就職したい,どちらかといえば住み続けたい,とても感じる,,やや不満,やや不満,わからない・利用していない,どちらともいえない,やや不満,参加していない,知らない,知らない,持っている,若者向けのイベント,町の人口が減っていくこと。仕事が見つかるか
R280,2026/06/28,Web,27,女性,東地区,会社員・公務員,配偶者・子どもと同居,町内,該当しない（学生・求職中以外）,どちらかといえば住み続けたくない,どちらともいえない,不満,どちらともいえない,やや満足,どちらともいえない,満足,不満,参加していない,知っている,名前は聞いたことがある,持っている,,バスがなくなるかもしれないこと
R281,2026/06/28,Web,20,男性,東地区,大学・専門学校生,親と同居（実家）,町外（県内）,県内（町外）で進学・就職したい,住み続けたい,とても感じる,満足,やや満足,どちらともいえない,わからない・利用していない,どちらともいえない,やや不満,参加した,知らない,知らない,持っている,服を買える店,
R282,2026/06/28,Web,29,男性,北部山間地区,無職・求職中,親と同居（実家）,なし,まだ決めていない,住み続けたくない,まったく感じない,不満,やや不満,どちらともいえない,わからない・利用していない,やや不満,不満,参加していない,知らない,知らない,持っている,,
R283,2026/06/29,紙,22,女性,北部山間地区,自営・家業,親と同居（実家）,町外（県内）,該当しない（学生・求職中以外）,どちらともいえない,あまり感じない,やや不満,不満,どちらともいえない,わからない・利用していない,不満,やや不満,参加した,知らない,知らない,持っている,,車がないと生活できないこと
R284,2026/06/29,Web,29,男性,東地区,会社員・公務員,配偶者・子どもと同居,町内,該当しない（学生・求職中以外）,住み続けたくない,どちらともいえない,やや不満,やや満足,やや不満,やや不満,,やや不満,参加した,名前は聞いたことがある,知っている,持っている,保育園の延長保育,バスがなくなるかもしれないこと
R285,2026/06/29,紙,25,女性,北部山間地区,アルバイト・パート,一人暮らし,町外（県内）,該当しない（学生・求職中以外）,どちらかといえば住み続けたい,とても感じる,どちらともいえない,やや不満,不満,やや不満,やや不満,やや不満,参加した,名前は聞いたことがある,知らない,持っている,,
R286,2026/06/29,紙,21,女性,南地区,大学・専門学校生,配偶者・子どもと同居,町外（県内）,県外で進学・就職したい,住み続けたくない,まったく感じない,どちらともいえない,どちらともいえない,やや満足,やや不満,やや不満,どちらともいえない,参加していない,知らない,知らない,持っている,,
R287,2026/06/29,Web,26,,北部山間地区,会社員・公務員,配偶者・子どもと同居,町内,該当しない（学生・求職中以外）,住み続けたくない,とても感じる,やや不満,やや不満,わからない・利用していない,やや満足,わからない・利用していない,やや不満,参加した,知っている,知っている,持っている,,仕事が見つかるか
R288,2026/06/29,紙,25,男性,東地区,アルバイト・パート,親と同居（実家）,町内,該当しない（学生・求職中以外）,どちらかといえば住み続けたい,やや感じる,やや満足,やや不満,わからない・利用していない,わからない・利用していない,どちらともいえない,,参加していない,知らない,知らない,持っている,,
R289,2026/06/29,紙,16,男性,南地区,高校生,親と同居（実家）,町外（県内）,県内（町外）で進学・就職したい,どちらかといえば住み続けたい,どちらともいえない,やや不満,やや満足,やや不満,満足,やや満足,やや不満,参加した,知らない,知らない,持っている,,
R290,2026/06/29,紙,26,女性,東地区,会社員・公務員,親と同居（実家）,町外（県内）,該当しない（学生・求職中以外）,どちらかといえば住み続けたい,とても感じる,どちらともいえない,やや満足,どちらともいえない,不満,どちらともいえない,やや不満,参加していない,知らない,知らない,持っている,,
R291,2026/06/29,紙,21,男性,北部山間地区,大学・専門学校生,親と同居（実家）,町外（県内）,まだ決めていない,どちらかといえば住み続けたくない,やや感じる,,やや不満,どちらともいえない,わからない・利用していない,わからない・利用していない,やや不満,参加した,知っている,名前は聞いたことがある,持っている,服を買える店,バスがなくなるかもしれないこと
R292,2026/06/29,Web,15,男性,東地区,高校生,親と同居（実家）,町外（県内）,県外で進学・就職したい,どちらかといえば住み続けたくない,どちらともいえない,やや不満,どちらともいえない,やや満足,わからない・利用していない,やや不満,どちらともいえない,参加した,知っている,名前は聞いたことがある,持っている,映画館,親の介護
R293,2026/06/29,Web,25,男性,西地区,会社員・公務員,親と同居（実家）,町外（県内）,該当しない（学生・求職中以外）,どちらともいえない,あまり感じない,やや満足,どちらともいえない,満足,わからない・利用していない,やや不満,不満,,知っている,知らない,持っている,,結婚相手と出会えるか
R294,2026/06/29,紙,15,男性,中央地区,高校生,親と同居（実家）,町外（県内）,県内（町外）で進学・就職したい,どちらかといえば住み続けたい,やや感じる,やや満足,満足,どちらともいえない,どちらともいえない,わからない・利用していない,やや不満,参加していない,知らない,知らない,持っている,,町を出たときの一人暮らしの費用
R295,2026/06/30,紙,17,女性,中央地区,高校生,親と同居（実家）,町外（県内）,町内で就職したい,住み続けたい,とても感じる,やや不満,やや満足,どちらともいえない,わからない・利用していない,不満,やや不満,参加していない,知らない,知らない,持っている,,病院が遠いこと
R296,2026/06/30,紙,16,女性,南地区,高校生,親と同居（実家）,町内,県内（町外）で進学・就職したい,住み続けたい,やや感じる,やや満足,やや満足,やや不満,わからない・利用していない,わからない・利用していない,やや不満,参加した,名前は聞いたことがある,知らない,持っている,,町を出たときの一人暮らしの費用
R297,2026/06/30,Web,20,女性,東地区,会社員・公務員,一人暮らし,町外（県内）,該当しない（学生・求職中以外）,どちらかといえば住み続けたくない,,やや満足,やや満足,わからない・利用していない,わからない・利用していない,やや不満,やや不満,参加していない,知っている,知らない,持っている,,
R298,2026/06/30,Web,26,男性,東地区,会社員・公務員,親と同居（実家）,町外（県内）,該当しない（学生・求職中以外）,どちらかといえば住み続けたい,とても感じる,やや満足,やや満足,どちらともいえない,わからない・利用していない,どちらともいえない,やや不満,,知らない,知らない,持っている,,給料が低いこと
R299,2026/06/30,紙,23,女性,北部山間地区,会社員・公務員,親と同居（実家）,町内,該当しない（学生・求職中以外）,どちらかといえば住み続けたい,やや感じる,やや不満,やや満足,どちらともいえない,わからない・利用していない,やや満足,どちらともいえない,参加した,名前は聞いたことがある,名前は聞いたことがある,持っている,,仕事が見つかるか
R300,2026/06/30,Web,27,男性,南地区,会社員・公務員,一人暮らし,町外（県内）,該当しない（学生・求職中以外）,どちらかといえば住み続けたくない,やや感じる,やや満足,やや満足,やや不満,わからない・利用していない,どちらともいえない,どちらともいえない,参加していない,知らない,知らない,持っている,町内の求人の情報がまとまっているところ,
